ranker,player,team,fantasy_pos,age,g,gs,pass_cmp,pass_att,pass_yds,pass_td,pass_int,rush_att,rush_yds,rush_yds_per_att,rush_td,targets,rec,rec_yds,rec_yds_per_rec,rec_td,fumbles,fumbles_lost,all_td,two_pt_md,two_pt_pass,fantasy_points,fantasy_points_ppr,draftkings_points,fanduel_points,vbd,fantasy_rank_pos,fantasy_rank_overall,player_id
1,Christian McCaffrey*+,SFO,RB,27,16,16,0,0,0,0,0,272,1459,5.36,14,83,67,564,8.42,7,3,2,21,,,324,391.3,399.3,357.8,157,1,1,McCaCh01
2,CeeDee Lamb*+,DAL,WR,24,17,17,0,0,0,0,0,14,113,8.07,2,181,135,1749,12.96,12,3,2,14,1,,268,403.2,411.2,335.7,131,1,2,LambCe00
3,Josh Allen,BUF,QB,27,17,17,385,579,4306,29,18,111,524,4.72,15,0,0,0,,0,7,4,15,,3,393,392.6,420.6,410.6,122,1,3,AlleJo02
4,Tyreek Hill*+,MIA,WR,29,16,16,0,0,0,0,0,6,15,2.50,0,171,119,1799,15.12,13,1,1,13,,,257,376.4,380.4,316.9,120,2,4,HillTy00
5,Jalen Hurts*,PHI,QB,25,17,17,352,538,3858,23,15,157,605,3.85,15,0,0,0,,0,9,5,15,,,357,356.8,382.8,371.8,89,2,5,HurtJa00
6,Raheem Mostert*,MIA,RB,31,15,15,0,0,0,0,0,209,1012,4.84,18,32,25,175,7.00,3,4,1,21,,,243,267.7,274.7,255.2,80,2,6,MostRa00
7,Amon-Ra St. Brown*+,DET,WR,24,16,16,0,0,0,0,0,4,24,6.00,0,164,119,1515,12.73,10,1,1,10,,,212,330.9,334.9,271.4,78,3,7,StxxAm00
8,Dak Prescott*,DAL,QB,30,17,17,410,590,4516,36,9,55,242,4.40,2,0,0,0,,0,4,2,2,,2,343,342.8,359.8,351.8,76,3,8,PresDa01
9,Mike Evans*,TAM,WR,30,17,17,0,0,0,0,0,0,0,,0,136,79,1255,15.89,13,0,0,13,,,204,282.5,285.5,243.0,70,4,9,EvanMi00
10,Lamar Jackson*+,BAL,QB,26,16,16,307,457,3678,24,7,148,821,5.55,5,0,0,0,,0,11,6,5,,1,331,331.2,350.2,338.2,65,4,10,JackLa00
11,Sam LaPorta*,DET,TE,22,17,14,0,0,0,0,0,1,4,4.00,0,120,86,889,10.34,10,0,0,10,2,,153,239.3,242.3,196.3,65,1,11,LaPoSa01
12,Travis Etienne,JAX,RB,24,17,17,0,0,0,0,0,267,1008,3.78,11,73,58,476,8.21,1,0,0,12,2,,224,282.4,288.4,253.4,62,3,12,EtieTr00
13,Kyren Williams*,LAR,RB,23,12,11,0,0,0,0,0,228,1144,5.02,12,48,32,206,6.44,3,3,2,15,1,,223,255.0,263.0,239.0,61,4,13,WillKy02
14,Puka Nacua*,LAR,WR,22,17,17,0,0,0,0,0,12,89,7.42,0,160,105,1486,14.15,6,1,0,6,,,194,298.5,301.5,246.0,60,5,14,NacuPu00
15,D.J. Moore,CHI,WR,26,17,17,0,0,0,0,0,4,21,5.25,1,136,96,1364,14.21,8,1,1,9,,,191,286.5,290.5,238.5,58,6,15,MoorD.00
16,Derrick Henry*,TEN,RB,29,17,17,2,3,14,2,0,280,1167,4.17,12,36,28,214,7.64,0,0,0,12,,,219,246.7,252.7,232.7,57,5,16,HenrDe00
17,Joe Mixon,CIN,RB,27,17,17,0,0,0,0,0,257,1034,4.02,9,64,52,376,7.23,3,0,0,12,1,,215,267.0,273.0,241.0,54,6,17,MixoJo00
18,Jordan Love,GNB,QB,25,17,17,372,579,4159,32,11,50,247,4.94,4,0,0,0,,0,9,3,4,,2,319,319.1,339.1,330.1,53,5,18,LoveJo03
19,Breece Hall,NYJ,RB,22,17,16,0,0,0,0,0,223,994,4.46,5,95,76,591,7.78,4,2,0,9,1,,215,290.5,296.5,252.5,53,7,19,HallBr03
20,A.J. Brown*,PHI,WR,26,17,17,0,0,0,0,0,0,0,,0,158,106,1456,13.74,7,2,2,7,,,184,289.6,294.6,236.6,51,8,20,BrowAJ00
21,Deebo Samuel,SFO,WR,27,15,15,0,1,0,0,0,37,225,6.08,5,89,60,892,14.87,7,1,0,12,,,184,243.7,249.7,213.7,51,7,21,SamuDe00
22,George Kittle*+,SFO,TE,30,16,16,0,0,0,0,0,1,2,2.00,0,90,65,1020,15.69,6,0,0,6,,,138,203.2,206.2,170.7,51,2,22,KittGe00
23,Nico Collins,HOU,WR,24,15,10,0,0,0,0,0,1,7,7.00,0,109,80,1297,16.21,8,1,0,8,1,,180,260.4,263.4,220.4,48,9,23,CollNi00
24,Rachaad White,TAM,RB,24,17,17,0,0,0,0,0,272,990,3.64,6,70,64,549,8.58,3,3,2,9,,,204,267.9,275.9,235.9,43,8,24,WhitRa01
25,Brandon Aiyuk,SFO,WR,25,16,16,0,0,0,0,0,0,0,,0,105,75,1342,17.89,7,1,1,7,,,174,249.2,253.2,211.7,42,10,25,AiyuBr00
26,Travis Kelce*,KAN,TE,34,15,15,0,0,0,0,0,0,0,,0,121,93,984,10.58,5,1,1,5,,,126,219.4,223.4,172.9,40,3,26,KelcTr00
27,Keenan Allen*,LAC,WR,31,13,13,1,2,49,1,0,2,6,3.00,0,150,108,1243,11.51,7,2,1,7,,,171,278.9,282.9,224.9,39,11,27,AlleKe00
28,T.J. Hockenson,MIN,TE,26,15,11,0,0,0,0,0,0,0,,0,127,95,960,10.11,5,1,1,5,,,124,219.0,223.0,171.5,37,4,28,HockTJ00
29,Stefon Diggs*,BUF,WR,30,17,17,0,0,0,0,0,1,5,5.00,0,160,107,1183,11.06,8,2,1,8,1,,167,273.8,277.8,220.3,35,12,29,DiggSt00
30,David Njoku*,CLE,TE,27,16,16,0,0,0,0,0,0,0,,0,123,81,882,10.89,6,2,2,6,,,120,201.2,206.2,160.7,34,5,30,NjokDa00
31,Brock Purdy*,SFO,QB,24,16,16,308,444,4280,31,11,39,144,3.69,2,0,0,0,,0,6,2,2,,,296,295.6,314.6,306.6,31,6,31,PurdBr00
32,David Montgomery,DET,RB,26,14,14,0,0,0,0,0,219,1015,4.63,13,24,16,117,7.31,0,2,1,13,1,,191,207.2,214.2,199.2,31,9,32,MontDa01
33,Ja'Marr Chase*,CIN,WR,23,16,16,1,1,-7,0,0,3,-6,-2.00,0,145,100,1216,12.16,7,1,0,7,,,163,262.7,265.7,212.7,31,13,33,ChasJa00
34,Davante Adams,LVR,WR,31,17,17,0,0,0,0,0,0,0,,0,175,103,1144,11.11,8,0,0,8,,,162,265.4,268.4,213.9,31,14,34,AdamDa01
35,Jahmyr Gibbs*,DET,RB,21,15,3,0,0,0,0,0,182,945,5.19,10,71,52,316,6.08,1,2,1,11,,,190,242.1,249.1,216.1,30,10,35,GibbJa01
36,Evan Engram*,JAX,TE,29,17,15,0,0,0,0,0,0,0,,0,143,114,963,8.45,4,3,2,4,,,116,230.3,235.3,173.3,30,6,36,EngrEv00
37,James Cook*,BUF,RB,24,17,13,0,0,0,0,0,237,1122,4.73,2,54,44,445,10.11,4,4,2,6,,,189,232.7,240.7,210.7,29,11,37,CookJa01
38,Bijan Robinson,ATL,RB,21,17,16,0,0,0,0,0,214,976,4.56,4,86,58,487,8.40,4,4,3,8,,,188,246.3,255.3,217.3,29,12,38,RobiBi01
39,D.K. Metcalf*,SEA,WR,26,16,16,0,0,0,0,0,0,0,,0,119,66,1114,16.88,8,0,0,8,,,159,225.4,228.4,192.4,28,15,39,MetcDK00
40,Jared Goff,DET,QB,29,17,17,407,605,4575,30,12,32,21,0.66,2,0,0,0,,0,6,4,2,,2,289,289.1,308.1,301.1,25,7,40,GoffJa00
41,Taysom Hill,NOR,TE,33,16,7,6,11,83,1,0,81,401,4.95,4,40,33,291,8.82,2,1,1,6,,,111,143.5,150.5,127.0,25,7,41,HillTa00
42,Amari Cooper*,CLE,WR,29,15,15,0,0,0,0,0,0,0,,0,128,72,1250,17.36,5,2,1,5,1,,155,227.0,231.0,191.0,24,16,42,CoopAm00
43,Saquon Barkley,NYG,RB,26,14,14,0,0,0,0,0,247,962,3.89,6,60,41,280,6.83,4,2,2,10,1,,182,223.2,231.2,202.7,23,13,43,BarkSa00
44,Calvin Ridley,JAX,WR,29,17,17,0,0,0,0,0,9,23,2.56,0,136,76,1016,13.37,8,1,0,8,1,,154,229.9,232.9,191.9,23,17,44,RidlCa00
45,Jayden Reed,GNB,WR,23,16,13,0,0,0,0,0,11,119,10.82,2,94,64,793,12.39,8,2,0,10,1,,153,217.2,223.2,185.2,22,18,45,ReedJa03
46,Cole Kmet,CHI,TE,24,17,17,0,0,0,0,0,3,2,0.67,0,90,73,719,9.85,6,1,0,6,,,108,181.1,184.1,144.6,22,8,46,KmetCo00
47,Jordan Addison,MIN,WR,21,17,14,0,0,0,0,0,1,2,2.00,0,108,70,911,13.01,10,0,0,10,,,151,221.3,224.3,186.3,21,19,47,AddiJo00
48,Jake Ferguson*,DAL,TE,24,17,16,0,0,0,0,0,0,0,,0,102,71,761,10.72,5,0,0,5,,,106,177.1,180.1,141.6,21,9,48,FergJa00
49,DeAndre Hopkins,TEN,WR,31,17,16,0,1,0,0,0,2,9,4.50,0,137,75,1057,14.09,7,0,0,7,,,149,223.6,226.6,186.1,18,20,49,HopkDe00
50,Patrick Mahomes*,KAN,QB,28,16,16,401,597,4183,27,14,75,389,5.19,0,0,0,0,,0,5,3,0,,,280,280.2,303.2,294.2,17,8,50,MahoPa00
51,Jakobi Meyers,LVR,WR,27,16,16,2,3,12,1,0,4,24,6.00,2,106,71,807,11.37,8,0,0,10,,,148,218.6,221.6,183.1,17,21,51,MeyeJa01
52,James Conner,ARI,RB,28,13,13,0,0,0,0,0,208,1040,5.00,7,33,27,165,6.11,2,0,0,9,,,175,201.5,207.5,188.0,16,15,52,ConnJa00
53,Gus Edwards,BAL,RB,28,17,9,0,0,0,0,0,198,810,4.09,13,13,12,180,15.00,0,3,2,13,1,,175,187.0,195.0,181.0,16,14,53,EdwaGu00
54,DeVonta Smith,PHI,WR,25,16,16,0,0,0,0,0,0,0,,0,112,81,1066,13.16,7,1,1,7,,,147,227.6,231.6,187.1,16,22,54,SmitDe07
55,George Pickens,PIT,WR,22,17,16,0,0,0,0,0,3,18,6.00,0,106,63,1140,18.10,5,3,0,5,,,146,208.8,211.8,177.3,15,23,55,PickGe00
56,Trey McBride,ARI,TE,24,17,12,0,0,0,0,0,0,0,,0,106,81,825,10.19,3,1,0,3,,,101,181.5,184.5,141.0,15,10,56,McBrTr01
57,Chris Olave,NOR,WR,23,16,11,0,0,0,0,0,0,0,,0,138,87,1123,12.91,5,0,0,5,1,,144,231.3,234.3,187.8,14,24,57,OlavCh00
58,C.J. Stroud*,HOU,QB,22,15,15,319,499,4108,23,5,39,167,4.28,3,1,1,0,0.00,0,8,4,3,1,,275,276.0,291.0,280.5,12,9,58,StroCJ00
59,Kenneth Walker III,SEA,RB,23,15,15,0,0,0,0,0,219,905,4.13,8,37,29,259,8.93,1,1,0,9,,,170,199.4,205.4,184.9,12,16,59,WalkKe00
60,Baker Mayfield*,TAM,QB,28,17,17,364,566,4044,28,10,62,163,2.63,1,0,0,0,,0,8,3,1,,2,274,274.1,293.1,284.1,11,10,60,MayfBa00
61,Isiah Pacheco,KAN,RB,24,14,13,0,0,0,0,0,205,935,4.56,7,49,44,244,5.55,2,1,1,9,,,170,213.9,220.9,191.9,11,17,61,PachIs00
62,Michael Pittman Jr.,IND,WR,26,16,15,0,0,0,0,0,0,0,,0,156,109,1152,10.57,4,2,1,4,2,,141,250.2,254.2,195.7,11,25,62,PittMi01
63,Tony Pollard,DAL,RB,26,17,17,0,0,0,0,0,252,1005,3.99,6,67,55,311,5.65,0,3,1,6,1,,168,222.6,229.6,195.1,9,18,63,PollTo00
64,Jerome Ford,CLE,RB,24,17,12,0,0,0,0,0,204,813,3.99,4,63,44,319,7.25,5,1,1,9,1,,167,211.2,218.2,189.2,9,19,64,FordJe00
65,Najee Harris,PIT,RB,25,17,17,0,0,0,0,0,255,1035,4.06,8,38,29,170,5.86,0,2,1,8,,,167,195.5,202.5,181.0,8,20,65,HarrNa00
66,Tua Tagovailoa*,MIA,QB,25,17,17,388,560,4624,29,14,35,74,2.11,0,0,0,0,,0,13,5,0,,,270,270.4,292.4,284.4,7,11,66,TagoTu00
67,Dalton Schultz,HOU,TE,27,15,8,0,0,0,0,0,0,0,,0,88,59,635,10.76,5,1,1,5,,,92,150.5,154.5,121.0,7,11,67,SchuDa00
68,Mark Andrews,BAL,TE,28,10,9,0,0,0,0,0,1,0,0.00,0,61,45,544,12.09,6,1,0,6,,,90,135.4,138.4,112.9,6,12,68,AndrMa00
69,De'Von Achane,MIA,RB,22,11,4,0,0,0,0,0,103,800,7.77,8,37,27,197,7.30,3,1,1,11,,,164,190.7,197.7,177.2,5,21,69,AchaDe00
70,Justin Jefferson,MIN,WR,24,10,9,0,1,0,0,0,1,-12,-12.00,0,100,68,1074,15.79,5,1,1,5,,,134,202.2,206.2,168.2,5,26,70,JeffJu00
71,Brian Robinson Jr.,WAS,RB,24,15,15,0,0,0,0,0,178,733,4.12,5,43,36,368,10.22,4,4,2,9,1,,162,198.1,206.1,180.1,4,22,71,RobiBr01
72,Rashee Rice,KAN,WR,23,16,8,0,0,0,0,0,1,-3,-3.00,0,102,79,938,11.87,7,2,1,7,,,134,212.5,216.5,173.0,4,27,72,RiceRa01
73,D'Andre Swift*,PHI,RB,24,16,15,0,0,0,0,0,229,1049,4.58,5,49,39,214,5.49,1,3,1,6,,,160,199.3,206.3,179.8,2,23,73,SwifDA00
74,Courtland Sutton,DEN,WR,28,16,14,0,0,0,0,0,0,0,,0,90,59,772,13.08,10,3,3,10,,,131,190.2,196.2,160.7,2,28,74,SuttCo00
75,Terry McLaurin,WAS,WR,28,17,17,0,0,0,0,0,0,0,,0,132,79,1002,12.68,4,0,0,5,,,130,209.2,212.2,169.7,1,29,75,McLaTe00
76,Trevor Lawrence,JAX,QB,24,16,16,370,564,4016,21,14,70,339,4.84,4,0,0,0,,0,12,7,4,,1,263,262.5,289.5,276.5,,12,76,LawrTr00
77,Sam Howell,WAS,QB,23,17,17,388,612,3946,21,21,48,263,5.48,5,1,1,4,4.00,0,4,2,5,1,1,257,257.5,286.5,278.0,,14,77,HoweSa00
78,Russell Wilson,DEN,QB,35,15,15,297,447,3070,26,8,80,341,4.26,3,0,0,0,,0,10,5,3,,2,257,256.9,275.9,264.9,,13,78,WilsRu00
79,Matthew Stafford*,LAR,QB,35,15,15,326,521,3965,24,11,21,65,3.10,0,0,0,0,,0,0,0,0,1,1,243,243.1,257.1,254.1,,15,,StafMa00
80,Derek Carr,NOR,QB,32,17,17,375,548,3878,25,8,32,40,1.25,0,0,0,0,,0,7,3,0,,2,241,241.1,255.1,249.1,,16,,CarrDe02
81,Justin Herbert,LAC,QB,25,13,13,297,456,3134,20,7,52,228,4.38,3,1,1,10,10.00,0,4,1,3,,1,233,234.2,248.2,240.7,,17,,HerbJu00
82,Justin Fields,CHI,QB,24,13,13,227,370,2562,16,9,124,657,5.30,4,0,0,0,,0,10,4,4,,,230,230.2,249.2,239.2,,18,,FielJu00
83,Geno Smith*,SEA,QB,33,15,15,323,499,3624,20,9,37,155,4.19,1,1,1,-2,-2.00,0,5,3,1,,2,226,227.3,245.3,235.8,,19,,SmitGe00
84,Joshua Dobbs,2TM,QB,28,13,12,262,417,2464,13,10,77,421,5.47,6,0,0,0,,0,14,7,6,2,1,201,200.7,223.7,210.7,,20,,DobbJo00
85,Gardner Minshew II*,IND,QB,27,17,13,305,490,3305,15,9,34,100,2.94,3,0,0,0,,0,8,5,3,,2,196,196.2,216.2,205.2,,21,,MinsGa00
86,Desmond Ridder,ATL,QB,24,15,13,249,388,2836,12,12,53,193,3.64,5,1,1,-6,-6.00,0,12,7,5,,2,176,177.1,202.1,188.6,,22,,RiddDe00
87,Alvin Kamara,NOR,RB,28,13,12,0,0,0,0,0,180,694,3.86,5,86,75,466,6.21,1,0,0,6,3,,158,233.0,239.0,195.5,,24,,KamaAl00
88,Bryce Young,CAR,QB,22,16,16,315,527,2877,11,10,39,253,6.49,0,0,0,0,,0,11,6,0,1,1,156,156.4,178.4,166.4,,23,,YounBr01
89,Kirk Cousins,MIN,QB,35,8,8,216,311,2331,18,5,14,25,1.79,0,0,0,0,,0,7,4,0,,,150,149.7,161.7,154.7,,24,,CousKi00
90,Joe Burrow,CIN,QB,27,10,10,244,365,2309,15,6,31,88,2.84,0,0,0,0,,0,2,1,0,,,147,147.2,157.2,153.2,,25,,BurrJo01
91,Kyler Murray,ARI,QB,26,8,8,176,268,1799,10,5,44,244,5.55,3,0,0,0,,0,7,0,3,,1,146,146.4,157.4,151.4,,26,,MurrKy00
92,Chuba Hubbard,CAR,RB,24,17,12,0,0,0,0,0,238,902,3.79,5,44,39,233,5.97,0,1,0,5,,,144,182.5,188.5,163.0,,26,,HubbCh01
93,Josh Jacobs,LVR,RB,25,13,13,0,0,0,0,0,233,805,3.45,6,54,37,296,8.00,0,3,1,6,,,144,181.1,188.1,162.6,,25,,JacoJo01
94,Jake Browning,CIN,QB,27,9,7,171,243,1936,12,7,27,127,4.70,3,1,1,-7,-7.00,0,3,0,3,,1,143,144.4,157.4,150.9,,27,,BrowJa08
95,Zack Moss,IND,RB,26,14,8,0,0,0,0,0,183,794,4.34,5,37,27,192,7.11,2,0,0,7,1,,143,169.6,175.6,156.1,,27,,MossZa00
96,Devin Singletary,HOU,RB,26,17,10,1,1,6,1,0,216,898,4.16,4,38,30,193,6.43,0,1,0,4,,,137,167.3,173.3,152.3,,29,,SingDe00
97,Jonathan Taylor,IND,RB,24,10,7,0,0,0,0,0,169,741,4.38,7,23,19,153,8.05,1,1,0,8,,,137,156.4,162.4,146.9,,28,,TaylJo02
98,Jaylen Warren,PIT,RB,25,17,0,0,0,0,0,0,149,784,5.26,4,74,61,370,6.07,0,4,2,4,,,135,196.4,204.4,165.9,,30,,WarrJa01
99,Austin Ekeler,LAC,RB,28,14,14,0,0,0,0,0,179,628,3.51,5,74,51,436,8.55,1,5,4,6,,,134,185.4,195.4,159.9,,31,,EkelAu00
100,Javonte Williams,DEN,RB,23,16,13,0,0,0,0,0,217,774,3.57,3,58,47,228,4.85,2,1,1,5,2,,132,179.2,186.2,155.7,,32,,WillJa10
101,Zay Flowers,BAL,WR,23,16,16,0,0,0,0,0,8,56,7.00,1,108,77,858,11.14,5,0,0,6,1,,129,206.4,209.4,167.9,,30,,FlowZa00
102,Adam Thielen,CAR,WR,33,17,17,0,0,0,0,0,1,6,6.00,0,137,103,1014,9.84,4,2,0,4,1,,128,231.0,234.0,179.5,,31,,ThieAd00
103,Jaylen Waddle,MIA,WR,25,14,14,0,0,0,0,0,3,12,4.00,0,104,72,1014,14.08,4,0,0,4,,,127,198.6,201.6,162.6,,32,,WaddJa00
104,Chris Godwin,TAM,WR,27,17,17,0,1,0,0,0,4,38,9.50,1,130,83,1024,12.34,2,0,0,3,1,,126,209.2,212.2,167.7,,33,,GodwCh00
105,Aidan O'Connell,LVR,QB,25,11,10,213,343,2218,12,7,17,11,0.65,1,0,0,0,,0,4,2,1,,,126,125.8,137.8,132.8,,28,,OConAi00
106,Ezekiel Elliott,NWE,RB,28,17,5,0,0,0,0,0,184,642,3.49,3,65,51,313,6.14,2,2,1,5,,,124,174.5,181.5,149.0,,33,,ElliEz00
107,Tyler Lockett,SEA,WR,31,17,17,0,0,0,0,0,0,0,,0,122,79,894,11.32,5,0,0,5,2,,123,202.4,205.4,162.9,,34,,LockTy00
108,Tyler Allgeier,ATL,RB,23,17,3,0,0,0,0,0,186,683,3.67,4,23,18,193,10.72,1,0,0,5,1,,120,137.6,143.6,128.6,,34,,AllgTy00
109,Zach Wilson,NYJ,QB,24,12,11,221,368,2271,8,7,36,211,5.86,0,0,0,0,,0,11,7,0,1,1,120,119.9,139.9,126.9,,29,,WilsZa00
110,Brandin Cooks,DAL,WR,30,16,15,0,0,0,0,0,5,35,7.00,0,81,54,657,12.17,8,1,0,8,1,,119,173.2,176.2,146.2,,35,,CookBr00
111,Tank Dell,HOU,WR,24,11,8,0,0,0,0,0,11,51,4.64,0,75,47,709,15.09,7,1,0,7,,,118,165.0,168.0,141.5,,37,,DellNa00
112,Garrett Wilson,NYJ,WR,23,17,17,0,1,0,0,0,4,0,0.00,0,168,95,1042,10.97,3,2,2,3,,,118,213.2,218.2,165.7,,36,,WilsGa00
113,Gabriel Davis,BUF,WR,24,17,17,0,0,0,0,0,1,-2,-2.00,0,81,45,746,16.58,7,1,1,7,1,,116,161.4,165.4,138.9,,38,,DaviGa01
114,Romeo Doubs,GNB,WR,23,17,16,0,0,0,0,0,0,0,,0,96,59,674,11.42,8,1,0,8,,,115,174.4,177.4,144.9,,39,,DoubRo00
115,Kenny Pickett,PIT,QB,25,12,12,201,324,2070,6,4,42,54,1.29,1,0,0,0,,0,2,0,1,,,110,110.2,117.2,114.2,,30,,PickKe00
116,Rashid Shaheed*+,NOR,WR,25,15,8,0,0,0,0,0,7,37,5.29,0,75,46,719,15.63,5,1,1,6,,,110,155.6,159.6,132.6,,40,,ShahRa00
117,Rhamondre Stevenson,NWE,RB,25,12,12,0,0,0,0,0,156,619,3.97,4,51,38,238,6.26,0,1,1,4,,,108,145.7,152.7,126.7,,35,,StevRh00
118,Mac Jones,NWE,QB,25,11,11,224,345,2120,10,12,26,96,3.69,0,0,0,0,,0,3,2,0,,,106,106.4,123.4,118.4,,31,,JoneMa05
119,Aaron Jones,GNB,RB,29,11,11,0,0,0,0,0,142,656,4.62,2,43,30,233,7.77,1,2,1,3,,,105,134.9,141.9,119.9,,36,,JoneAa00
120,Cooper Kupp,LAR,WR,30,12,12,0,0,0,0,0,1,-3,-3.00,0,95,59,737,12.49,5,0,0,5,1,,105,164.4,167.4,134.9,,41,,KuppCo00
121,Drake London,ATL,WR,22,16,16,1,1,22,0,0,0,0,,0,110,69,905,13.12,2,0,0,2,1,,105,174.4,177.4,139.9,,42,,LondDr00
122,Kareem Hunt,CLE,RB,28,15,2,0,0,0,0,0,135,411,3.04,9,21,15,84,5.60,0,0,0,9,,,104,118.5,121.5,111.0,,37,,HuntKa00
123,Alexander Mattison,MIN,RB,25,16,13,0,0,0,0,0,180,700,3.89,0,44,30,192,6.40,3,3,2,3,,,103,133.2,141.2,118.2,,38,,MattAl01
124,Diontae Johnson,PIT,WR,27,13,11,0,0,0,0,0,0,0,,0,87,51,717,14.06,5,1,0,5,,,102,152.7,155.7,127.2,,43,,JohnDi01
125,Will Levis,TEN,QB,24,9,9,149,255,1808,8,4,25,57,2.28,1,0,0,0,,0,7,4,1,,1,102,102.0,113.0,106.0,,32,,LeviWi00
126,Tyjae Spears,TEN,RB,22,17,1,0,0,0,0,0,100,453,4.53,2,70,52,385,7.40,1,1,0,3,,,102,153.8,159.8,127.8,,39,,SpeaTy00
127,Joe Flacco,CLE,QB,38,5,5,123,204,1616,13,8,9,2,0.22,0,0,0,0,,0,4,1,0,,1,101,100.8,112.8,108.8,,33,,FlacJo00
128,Darius Slayton,NYG,WR,26,17,13,0,0,0,0,0,0,0,,0,79,50,770,15.40,4,0,0,4,,,101,151.0,154.0,126.0,,44,,SlayDa01
129,AJ Dillon,GNB,RB,25,15,6,0,0,0,0,0,178,613,3.44,2,28,22,223,10.14,0,0,0,2,,,96,117.6,123.6,106.6,,40,,DillAJ00
130,Tee Higgins,CIN,WR,24,12,11,0,0,0,0,0,0,0,,0,76,42,656,15.62,5,0,0,5,,,96,137.6,140.6,116.6,,45,,HiggTe00
131,Curtis Samuel,WAS,WR,27,16,13,0,0,0,0,0,7,39,5.57,1,91,62,613,9.89,4,0,0,5,,,95,157.2,160.2,126.2,,46,,SamuCu00
132,Tommy DeVito,NYG,QB,25,9,6,114,178,1101,8,3,36,195,5.42,1,0,0,0,,0,2,1,1,,,94,93.5,103.5,96.5,,34,,DeViTo00
133,Khalil Herbert,CHI,RB,25,12,9,0,0,0,0,0,132,611,4.63,2,31,20,134,6.70,1,1,1,3,1,,93,112.5,119.5,102.5,,41,,HerbKh00
134,Christian Kirk,JAX,WR,27,12,12,1,2,-1,0,0,1,6,6.00,0,85,57,787,13.81,3,2,2,3,,,93,150.3,155.3,121.8,,47,,KirkCh01
135,Josh Downs,IND,WR,22,17,9,0,0,0,0,0,0,0,,0,98,68,771,11.34,2,0,0,2,,,89,157.1,160.1,123.1,,48,,DownJo00
136,Josh Reynolds,DET,WR,28,17,13,0,0,0,0,0,0,0,,0,64,40,608,15.20,5,1,1,5,,,89,128.8,132.8,108.8,,49,,ReynJo00
137,Jerry Jeudy,DEN,WR,24,16,11,0,0,0,0,0,0,0,,0,87,54,758,14.04,2,1,0,2,,,88,141.8,144.8,114.8,,50,,JeudJe00
138,Jaxon Smith-Njigba,SEA,WR,21,17,3,0,0,0,0,0,0,0,,0,93,63,628,9.97,4,0,0,4,,,87,149.8,152.8,118.3,,51,,SmitJa06
139,Tyrod Taylor,NYG,QB,34,11,5,116,180,1341,5,3,38,197,5.18,0,0,0,0,,0,4,0,0,,,87,87.3,96.3,90.3,,35,,TaylTy00
140,Deshaun Watson,CLE,QB,28,6,6,105,171,1115,7,4,26,142,5.46,1,0,0,0,,0,5,2,1,3,,87,86.8,98.8,90.8,,36,,WatsDe00
141,Marquise Brown,ARI,WR,26,14,14,0,0,0,0,0,2,23,11.50,0,101,51,574,11.25,4,0,0,4,,,84,134.7,137.7,109.2,,52,,BrowMa04
142,Kyle Pitts,ATL,TE,23,17,15,0,0,0,0,0,1,-4,-4.00,0,90,53,667,12.58,3,0,0,3,,,84,137.3,140.3,110.8,,13,,PittKy00
143,DJ Chark,CAR,WR,27,15,11,0,0,0,0,0,0,0,,0,66,35,525,15.00,5,2,1,5,,,81,115.5,119.5,98.0,,54,,CharDJ00
144,Justice Hill,BAL,RB,26,16,5,0,0,0,0,0,84,387,4.61,3,39,28,206,7.36,1,1,1,4,,,81,109.3,116.3,95.3,,42,,HillJu00
145,Dontayvion Wicks,GNB,WR,22,15,6,1,1,14,0,0,1,1,1.00,0,58,39,581,14.90,4,3,1,4,,,81,119.8,123.8,100.3,,53,,WickDo00
146,Ty Chandler,MIN,RB,25,17,4,0,0,0,0,0,102,461,4.52,3,25,21,159,7.57,0,0,0,3,,,80,101.0,107.0,90.5,,44,,ChanTy01
147,D'Onta Foreman,CHI,RB,27,9,8,0,0,0,0,0,109,425,3.90,4,16,11,77,7.00,1,1,0,5,,,80,91.2,94.2,85.7,,43,,ForeDO00
148,Ryan Tannehill,TEN,QB,35,10,8,149,230,1616,4,7,17,74,4.35,1,1,0,0,,0,4,0,1,,,80,80.0,90.0,87.0,,37,,TannRy00
149,Antonio Gibson,WAS,RB,25,16,2,0,0,0,0,0,65,265,4.08,1,59,48,389,8.10,2,4,2,3,,,79,127.4,135.4,103.4,,45,,GibsAn00
150,Tyler Boyd,CIN,WR,29,17,13,0,1,0,0,1,2,11,5.50,0,98,67,667,9.96,2,0,0,2,,,78,144.8,148.8,112.3,,55,,BoydTy00
151,Hunter Henry,NWE,TE,29,14,10,0,0,0,0,0,0,0,,0,61,42,419,9.98,6,1,0,6,,,78,119.9,122.9,98.9,,14,,HenrHu00
152,Dallas Goedert,PHI,TE,28,14,14,0,0,0,0,0,1,1,1.00,0,83,59,592,10.03,3,0,0,3,,,77,136.3,139.3,106.8,,15,,GoedDa00
153,Dalton Kincaid,BUF,TE,24,16,11,0,0,0,0,0,0,0,,0,91,73,673,9.22,2,1,1,2,,,77,150.3,154.3,113.8,,16,,KincDa00
154,Michael Wilson,ARI,WR,23,13,12,0,0,0,0,0,0,0,,0,58,38,565,14.87,3,0,0,3,1,,77,114.5,117.5,95.5,,56,,WilsMi02
155,Jahan Dotson,WAS,WR,23,17,16,0,0,0,0,0,0,0,,0,83,49,518,10.57,4,0,0,4,,,76,124.8,127.8,100.3,,57,,DotsJa00
156,Rico Dowdle,DAL,RB,25,16,0,0,0,0,0,0,89,361,4.06,2,22,17,144,8.47,2,0,0,4,,,75,91.5,97.5,83.0,,47,,DowdRi01
157,Jaleel McLaughlin,DEN,RB,23,17,3,0,0,0,0,0,76,410,5.39,1,36,31,160,5.16,2,0,0,3,,,75,106.0,112.0,90.5,,46,,McLaJa00
158,Khalil Shakir,BUF,WR,23,17,10,0,0,0,0,0,1,10,10.00,0,45,39,611,15.67,2,1,0,2,,,74,113.1,116.1,93.6,,58,,ShakKh00
159,Jonnu Smith,ATL,TE,28,17,6,0,1,0,0,0,1,0,0.00,0,70,50,582,11.64,3,1,1,3,,,74,124.2,128.2,99.2,,17,,SmitJo01
160,Tutu Atwell,LAR,WR,24,16,14,0,0,0,0,0,5,31,6.20,0,67,39,483,12.38,3,0,0,3,1,1,73,112.4,115.4,92.9,,59,,AtweTu00
161,Odell Beckham Jr.,BAL,WR,31,14,6,0,0,0,0,0,0,0,,0,64,35,565,16.14,3,1,1,3,,,73,107.5,111.5,90.0,,63,,BeckOd00
162,Zach Charbonnet,SEA,RB,22,16,2,0,0,0,0,0,108,462,4.28,1,40,33,209,6.33,0,0,0,1,,,73,106.1,112.1,89.6,,48,,CharZa00
163,Elijah Moore,CLE,WR,23,17,12,0,0,0,0,0,9,11,1.22,0,104,59,640,10.85,2,2,2,2,,,73,132.1,137.1,102.6,,62,,MoorEl00
164,Anthony Richardson,IND,QB,21,4,4,50,84,577,3,1,25,136,5.44,4,0,0,0,,0,3,1,4,,2,73,72.7,80.7,73.7,,38,,RichAn03
165,Wan'Dale Robinson,NYG,WR,22,15,8,0,0,0,0,0,9,87,9.67,1,78,60,525,8.75,1,0,0,2,,,73,133.2,136.2,103.2,,61,,RobiWa01
166,Christian Watson,GNB,WR,24,9,9,0,0,0,0,0,4,11,2.75,0,53,28,422,15.07,5,0,0,5,,,73,101.3,104.3,87.3,,60,,WatsCh00
167,K.J. Osborn,MIN,WR,26,16,12,0,0,0,0,0,0,0,,0,75,48,540,11.25,3,1,0,3,,,72,120.0,123.0,96.0,,64,,OsboKJ00
168,Logan Thomas,WAS,TE,32,16,15,0,0,0,0,0,1,2,2.00,0,78,55,496,9.02,4,2,2,4,1,,72,126.8,131.8,99.3,,18,,ThomLo00
169,Isaiah Likely,BAL,TE,23,17,8,0,0,0,0,0,0,0,,0,40,30,411,13.70,5,0,0,5,,,71,101.1,104.1,86.1,,19,,LikeIs00
170,Samaje Perine,DEN,RB,28,17,1,0,0,0,0,0,53,238,4.49,1,56,50,455,9.10,0,3,2,1,,,71,121.3,129.3,96.3,,49,,PeriSa00
171,Cade Otton,TAM,TE,24,17,17,0,0,0,0,0,0,0,,0,67,47,455,9.68,4,1,1,4,1,,70,116.5,120.5,93.0,,20,,OttoCa00
172,Dameon Pierce,HOU,RB,23,14,7,0,0,0,0,0,145,416,2.87,2,17,13,101,7.77,0,0,0,3,,,70,82.7,88.7,76.2,,50,,PierDa01
173,Noah Brown,HOU,WR,27,10,7,0,0,0,0,0,1,-1,-1.00,0,55,33,567,17.18,2,0,0,2,,,69,101.6,104.6,85.1,,66,,BrowNo00
174,Josh Palmer,LAC,WR,24,10,6,0,0,0,0,0,1,6,6.00,0,61,38,581,15.29,2,1,1,2,,,69,106.7,110.7,87.7,,65,,PalmJo00
175,Bailey Zappe,NWE,QB,24,10,6,127,212,1272,6,9,17,83,4.88,1,0,0,0,,0,2,1,1,,,69,69.2,82.2,78.2,,39,,ZappBa00
176,Roschon Johnson,CHI,RB,22,15,0,0,0,0,0,0,81,352,4.35,2,40,34,209,6.15,0,1,0,2,,,68,102.1,108.1,85.1,,51,,JohnRo07
177,Easton Stick,LAC,QB,28,5,4,111,174,1129,3,1,27,144,5.33,1,0,0,0,,0,5,4,1,,,68,67.6,78.6,68.6,,40,,SticEa00
178,Kenneth Gainwell,PHI,RB,24,16,2,1,1,17,0,0,84,364,4.33,2,37,30,183,6.10,0,3,1,2,1,,67,97.4,104.4,82.4,,52,,GainKe00
179,Nick Mullens,MIN,QB,28,5,3,100,148,1306,7,8,10,25,2.50,0,0,0,0,,0,2,0,0,,,67,66.7,77.7,74.7,,41,,MullNi00
180,Taylor Heinicke,ATL,QB,30,5,4,74,136,890,5,4,15,124,8.27,1,0,0,0,,0,1,0,1,,,66,66.0,76.0,70.0,,42,,HeinTa00
181,Latavius Murray,BUF,RB,33,16,4,0,0,0,0,0,79,300,3.80,4,22,17,119,7.00,0,1,0,4,,,66,82.9,88.9,74.4,,53,,MurrLa00
182,Rondale Moore,ARI,WR,23,17,8,0,0,0,0,0,28,178,6.36,1,62,40,352,8.80,1,1,0,2,,,65,105.0,111.0,85.0,,67,,MoorRo02
183,Jimmy Garoppolo,LVR,QB,32,7,6,110,169,1205,7,9,20,39,1.95,0,0,0,0,,0,1,0,0,,1,64,64.1,76.1,73.1,,43,,GaroJi00
184,Kendrick Bourne,NWE,WR,28,8,5,0,0,0,0,0,1,4,4.00,0,55,37,406,10.97,4,1,1,4,,,63,100.0,104.0,81.5,,69,,BourKe00
185,Alec Pierce,IND,WR,23,17,16,0,0,0,0,0,0,0,,0,65,32,514,16.06,2,0,0,2,,,63,95.4,98.4,79.4,,68,,PierAl00
186,Nelson Agholor,BAL,WR,30,17,3,0,0,0,0,0,0,0,,0,45,35,381,10.89,4,1,0,4,,,62,97.1,100.1,79.6,,71,,AghoNe00
187,Tyler Conklin,NYJ,TE,28,17,12,0,0,0,0,0,1,0,0.00,0,87,61,621,10.18,0,0,0,0,,,62,123.1,126.1,92.6,,21,,ConkTy00
188,Tyler Higbee,LAR,TE,30,15,15,0,0,0,0,0,0,0,,0,70,47,495,10.53,2,0,0,2,,,62,108.5,111.5,85.0,,22,,HigbTy00
189,Kalif Raymond,DET,WR,29,17,3,0,0,0,0,0,7,75,10.71,0,44,35,489,13.97,1,1,0,1,,,62,97.4,100.4,79.9,,70,,RaymKa00
190,Justin Watson,KAN,WR,28,16,8,0,0,0,0,0,0,0,,0,53,27,460,17.04,3,1,1,3,,,62,89.0,93.0,75.5,,72,,WatsJu01
191,Juwan Johnson,NOR,TE,27,13,11,0,0,0,0,0,0,0,,0,59,37,368,9.95,4,0,0,4,,,61,97.8,100.8,79.3,,24,,JohnJu02
192,Keaton Mitchell,BAL,RB,21,8,2,0,0,0,0,0,47,396,8.43,2,11,9,93,10.33,0,0,0,2,,,61,69.9,72.9,65.4,,54,,MitcKe01
193,Demarcus Robinson,LAR,WR,29,16,4,0,0,0,0,0,1,23,23.00,0,39,26,371,14.27,4,2,1,4,,,61,87.4,91.4,74.4,,73,,RobiDe01
194,Miles Sanders,CAR,RB,26,16,5,0,0,0,0,0,129,432,3.35,1,41,27,154,5.70,0,2,2,1,,,61,87.6,95.6,74.1,,55,,SandMi01
195,Darren Waller,NYG,TE,31,12,11,0,0,0,0,0,0,0,,0,74,52,552,10.62,1,0,0,1,,,61,113.2,116.2,87.2,,23,,WallDa01
196,Gerald Everett,LAC,TE,29,15,12,0,0,0,0,0,3,10,3.33,0,70,51,411,8.06,3,3,0,3,,,60,111.1,114.1,85.6,,25,,EverGe00
197,Jerick McKinnon,KAN,RB,31,12,0,1,1,4,1,0,21,60,2.86,1,32,25,192,7.68,4,0,0,5,,,59,84.4,87.4,71.9,,56,,McKiJe00
198,Chigoziem Okonkwo,TEN,TE,24,17,11,0,0,0,0,0,2,6,3.00,0,77,54,528,9.78,1,0,0,1,,,59,113.4,116.4,86.4,,26,,OkonCh00
199,Zamir White,LVR,RB,24,17,4,0,0,0,0,0,104,451,4.34,1,19,15,98,6.53,0,1,1,1,,,59,73.9,77.9,66.4,,57,,WhitZa01
200,Demario Douglas,NWE,WR,23,14,7,0,0,0,0,0,8,41,5.13,0,79,49,561,11.45,0,3,1,0,,,58,107.2,111.2,82.7,,74,,DougDe00
201,Daniel Jones,NYG,QB,26,6,6,108,160,909,2,6,40,206,5.15,1,0,0,0,,0,4,1,1,,,57,57.0,70.0,63.0,,44,,JoneDa05
202,Trey Palmer,TAM,WR,22,17,8,0,0,0,0,0,3,22,7.33,0,68,39,385,9.87,3,3,1,3,,,57,95.7,99.7,76.2,,76,,PalmTr00
203,Nick Westbrook-Ikhine,TEN,WR,26,14,9,0,0,0,0,0,0,0,,0,45,28,370,13.21,3,0,0,3,1,,57,85.0,88.0,71.0,,75,,WestNi00
204,Quentin Johnston,LAC,WR,22,17,10,0,0,0,0,0,3,9,3.00,0,67,38,431,11.34,2,0,0,2,,,56,94.0,97.0,75.0,,78,,JohnQu02
205,Jameson Williams,DET,WR,22,12,10,0,0,0,0,0,3,29,9.67,1,42,24,354,14.75,2,1,0,3,,,56,80.3,83.3,68.3,,77,,WillJa11
206,Michael Gallup,DAL,WR,27,17,13,0,0,0,0,0,0,0,,0,57,34,418,12.29,2,0,0,2,,,54,87.8,90.8,70.8,,80,,GallMi00
207,Brandon Johnson,DEN,WR,25,13,2,0,0,0,0,0,0,0,,0,30,19,284,14.95,4,0,0,4,1,,54,73.4,76.4,63.9,,79,,JohnBr23
208,Joshua Kelley,LAC,RB,26,17,3,0,0,0,0,0,107,405,3.79,2,12,8,32,4.00,0,1,1,2,,,54,61.7,65.7,57.7,,58,,KellJo01
209,Tyson Bagent,CHI,QB,23,5,4,94,143,859,3,6,23,109,4.74,2,0,0,0,,0,3,2,2,,,53,53.3,67.3,59.3,,45,,BageTy00
210,Clyde Edwards-Helaire,KAN,RB,24,15,3,0,0,0,0,0,70,223,3.19,1,22,17,188,11.06,1,0,0,2,,,53,70.1,76.1,61.6,,59,,EdwaCl00
211,Donald Parham,LAC,TE,26,14,8,0,0,0,0,0,0,0,,0,41,27,285,10.56,4,0,0,4,,,53,79.5,82.5,66.0,,27,,ParhDo00
212,Tre Tucker,LVR,WR,22,16,1,0,0,0,0,0,10,77,7.70,0,34,19,331,17.42,2,0,0,2,,,53,71.8,74.8,62.3,,81,,TuckTr00
213,Emari Demercado,ARI,RB,24,14,2,0,0,0,0,0,58,284,4.90,2,30,21,119,5.67,0,0,0,2,,,52,73.3,79.3,62.8,,60,,DemeEm00
214,Michael Thomas,NOR,WR,30,10,7,0,0,0,0,0,0,0,,0,64,39,448,11.49,1,0,0,1,,,51,89.8,92.8,70.3,,82,,ThomMi05
215,Marvin Mims*,DEN,WR,21,16,7,0,0,0,0,0,9,30,3.33,0,33,22,377,17.14,1,2,2,2,,,49,70.7,75.7,59.7,,84,,MimsMa00
216,A.T. Perry,NOR,WR,24,10,3,0,0,0,0,0,0,0,,0,18,12,246,20.50,4,0,0,4,,,49,60.6,63.6,54.6,,85,,PerrAT00
217,Mitchell Trubisky,PIT,QB,29,5,2,67,107,632,4,5,16,54,3.38,2,0,0,0,,0,1,1,2,,1,49,48.7,57.7,53.7,,46,,TrubMi00
218,Robert Woods,HOU,WR,31,14,11,0,0,0,0,0,1,7,7.00,0,75,40,426,10.65,1,0,0,1,,,49,89.3,92.3,69.3,,83,,WoodRo02
219,Tucker Kraft,GNB,TE,23,17,8,0,0,0,0,0,0,0,,0,40,31,355,11.45,2,0,0,2,,,48,78.5,81.5,63.0,,28,,KrafTu00
220,Darnell Mooney,CHI,WR,26,15,14,0,0,0,0,0,2,5,2.50,0,61,31,414,13.35,1,0,0,1,,,48,78.9,81.9,63.4,,86,,MoonDa00
221,KaVontae Turpin,DAL,WR,27,16,0,0,0,0,0,0,11,110,10.00,1,18,12,127,10.58,3,1,0,4,,,48,59.7,65.7,53.7,,87,,TurpKa00
222,Cedrick Wilson Jr.,MIA,WR,28,15,3,0,0,0,0,0,0,0,,0,38,22,296,13.45,3,0,0,3,,,48,69.6,72.6,58.6,,88,,WilsCe01
223,Chris Moore,TEN,WR,30,17,5,0,0,0,0,0,2,39,19.50,0,35,22,424,19.27,0,1,0,0,,,46,68.3,71.3,57.3,,89,,MoorCh00
224,Rashod Bateman,BAL,WR,24,16,12,0,0,0,0,0,1,18,18.00,0,56,32,367,11.47,1,0,0,1,,,45,76.5,79.5,60.5,,90,,BateRa00
225,Royce Freeman,LAR,RB,27,14,0,0,0,0,0,0,77,319,4.14,2,2,1,13,13.00,0,0,0,2,,,45,46.2,49.2,45.7,,61,,FreeRo00
226,Pat Freiermuth,PIT,TE,25,12,9,0,0,0,0,0,0,0,,0,47,32,308,9.63,2,0,0,2,1,,45,76.8,79.8,60.8,,29,,FreiPa00
227,Zay Jones,JAX,WR,28,9,7,0,0,0,0,0,0,0,,0,64,34,321,9.44,2,0,0,2,,,44,78.1,81.1,61.1,,91,,JoneZa00
228,Michael Mayer,LVR,TE,22,14,12,0,0,0,0,0,0,0,,0,40,27,304,11.26,2,0,0,2,1,,44,71.4,74.4,57.9,,30,,MayeMi00
229,Kylen Granson,IND,TE,25,15,7,0,0,0,0,0,1,2,2.00,0,50,30,368,12.27,1,0,0,1,,,43,73.0,76.0,58.0,,31,,GranKy00
230,Noah Gray,KAN,TE,24,17,10,0,0,0,0,0,1,1,1.00,0,41,28,305,10.89,2,0,0,2,,,43,70.6,73.6,56.6,,32,,GrayNo00
231,Jamaal Williams,NOR,RB,28,13,4,0,0,0,0,0,106,306,2.89,1,20,18,62,3.44,0,1,0,1,,,43,60.8,63.8,51.8,,62,,WillJa06
232,Jordan Mason,SFO,RB,24,17,0,0,0,0,0,0,40,206,5.15,3,4,3,31,10.33,0,0,0,3,,,42,44.7,47.7,43.2,,63,,MasoJo00
233,Jonathan Mingo,CAR,WR,22,15,14,0,0,0,0,0,0,0,,0,85,43,418,9.72,0,1,0,0,,,42,84.8,87.8,63.3,,92,,MingJo00
234,Elijah Mitchell,SFO,RB,25,11,1,0,0,0,0,0,75,281,3.75,2,8,6,14,2.33,0,0,0,2,,,42,47.5,50.5,44.5,,64,,MitcEl00
235,Greg Dortch,ARI,WR,25,16,4,0,0,0,0,0,1,5,5.00,0,41,24,280,11.67,2,0,0,2,,,41,64.5,67.5,52.5,,93,,DortGr01
236,Noah Fant,SEA,TE,26,17,17,0,0,0,0,0,0,0,,0,43,32,414,12.94,0,0,0,0,,,41,73.4,76.4,57.4,,33,,FantNo00
237,Tanner Hudson,CIN,TE,29,12,1,0,0,0,0,0,0,0,,0,50,39,352,9.03,1,0,0,1,,,41,80.2,83.2,60.7,,34,,HudsTa00
238,Luke Musgrave,GNB,TE,23,11,9,0,0,0,0,0,0,0,,0,46,34,352,10.35,1,0,0,1,,,41,75.2,78.2,58.2,,35,,MusgLu00
239,Chase Brown,CIN,RB,23,12,0,0,0,0,0,0,44,179,4.07,0,15,14,156,11.14,1,1,0,1,,,40,53.5,59.5,46.5,,65,,BrowCh10
240,Mason Rudolph,PIT,QB,28,4,3,55,74,719,3,0,10,8,0.80,0,0,0,0,,0,3,1,0,,,40,39.6,43.6,39.6,,47,,RudoMa00
241,Isaiah Hodgins,NYG,WR,25,17,9,0,0,0,0,0,0,0,,0,33,21,230,10.95,3,1,1,3,,,39,60.0,64.0,49.5,,95,,HodgIs00
242,DeVante Parker,NWE,WR,30,13,13,0,0,0,0,0,0,0,,0,55,33,394,11.94,0,0,0,0,,,39,72.4,75.4,55.9,,94,,ParkDe01
243,Jake Bobo,SEA,WR,25,17,0,0,0,0,0,0,1,3,3.00,1,25,19,196,10.32,2,0,0,3,,,38,56.9,59.9,47.4,,97,,BoboJa00
244,Xavier Gipson,NYJ,WR,22,17,3,0,0,0,0,0,8,68,8.50,1,38,21,229,10.90,0,5,2,2,,,38,58.7,63.7,48.2,,98,,GipsXa00
245,Trenton Irwin,CIN,WR,28,16,5,0,0,0,0,0,0,0,,0,32,25,316,12.64,1,2,0,1,,,38,62.6,65.6,50.1,,99,,IrwiTr00
246,Brandon Powell,MIN,WR,28,17,2,0,0,0,0,0,5,17,3.40,0,44,29,324,11.17,1,1,1,1,,,38,67.1,71.1,52.6,,96,,PoweBr00
247,Pierre Strong,CLE,RB,25,17,1,0,0,0,0,0,63,291,4.62,1,8,5,47,9.40,0,1,1,1,,,38,42.8,46.8,40.3,,66,,StroPi00
248,Adam Trautman,DEN,TE,26,17,12,0,0,0,0,0,0,0,,0,35,22,204,9.27,3,0,0,3,,,38,60.4,63.4,49.4,,36,,TrauAd00
249,Jalin Hyatt,NYG,WR,22,17,7,0,0,0,0,0,0,0,,0,40,23,373,16.22,0,1,0,0,,,37,60.3,63.3,48.8,,100,,HyatJa00
250,Allen Lazard,NYJ,WR,28,14,12,0,0,0,0,0,0,0,,0,49,23,311,13.52,1,0,0,1,,,37,60.1,63.1,48.6,,101,,LazaAl00
251,Colby Parkinson,SEA,TE,24,17,1,0,0,0,0,0,0,0,,0,34,25,247,9.88,2,0,0,2,,,37,61.7,64.7,49.2,,38,,ParkCo02
252,Durham Smythe,MIA,TE,28,16,14,0,0,0,0,0,0,0,,0,43,35,366,10.46,0,0,0,0,,,37,71.6,74.6,54.1,,39,,SmytDu00
253,Jalen Tolbert,DAL,WR,24,17,6,0,0,0,0,0,0,0,,0,36,22,268,12.18,2,1,1,2,,,37,58.8,62.8,47.8,,102,,TolbJa00
254,Tommy Tremble,CAR,TE,23,16,8,0,0,0,0,0,0,0,,0,32,23,194,8.43,3,0,0,3,,,37,60.4,63.4,48.9,,37,,TremTo00
255,Cam Akers,2TM,RB,24,7,1,0,0,0,0,0,60,167,2.78,2,12,11,70,6.36,0,0,0,2,,,36,46.7,49.7,41.2,,68,,AkerCa00
256,Mo Alie-Cox,IND,TE,30,17,7,0,0,0,0,0,0,0,,0,22,13,161,12.38,3,0,0,3,1,,36,49.1,52.1,42.6,,41,,AlieMo00
257,Calvin Austin,PIT,WR,24,17,1,0,0,0,0,0,11,57,5.18,1,30,17,180,10.59,1,2,0,2,,,36,52.7,55.7,44.2,,103,,AustCa00
258,Mike Gesicki,NWE,TE,28,17,10,0,0,0,0,0,0,0,,0,45,29,244,8.41,2,0,0,2,,,36,65.4,68.4,50.9,,40,,GesiMi00
259,Andrei Iosivas,CIN,WR,24,16,1,0,0,0,0,0,0,0,,0,25,15,116,7.73,4,0,0,4,,,36,50.6,53.6,43.1,,104,,IosiAn00
260,Chris Rodriguez,WAS,RB,23,13,0,0,0,0,0,0,51,247,4.84,2,2,2,12,6.00,0,1,1,2,,,36,37.9,41.9,36.9,,67,,RodrCh00
261,Marquez Valdes-Scantling,KAN,WR,29,16,10,0,0,0,0,0,0,0,,0,42,21,315,15.00,1,1,1,1,,,36,56.5,60.5,46.0,,105,,ValdMa00
262,David Bell,CLE,WR,23,15,3,0,0,0,0,0,0,0,,0,23,14,167,11.93,3,0,0,3,,,35,48.7,51.7,41.7,,106,,BellDa02
263,Michael Carter,2TM,RB,24,15,0,0,0,0,0,0,30,187,6.23,0,31,24,101,4.21,1,0,0,1,,,35,58.8,64.8,46.8,,69,,CartMi03
264,Darrell Henderson,LAR,RB,26,4,4,0,0,0,0,0,46,112,2.43,2,14,10,103,10.30,0,0,0,2,,,34,43.5,49.5,38.5,,70,,HendDa00
265,Lil'Jordan Humphrey,DEN,WR,25,17,8,0,0,0,0,0,0,0,,0,19,13,162,12.46,3,0,0,3,,,34,47.2,50.2,40.7,,107,,HumpLi01
266,Brevin Jordan,HOU,TE,23,14,6,0,0,0,0,0,0,0,,0,21,17,219,12.88,2,0,0,2,,,34,50.9,53.9,42.4,,42,,JordBr00
267,Jauan Jennings,SFO,WR,26,13,2,0,0,0,0,0,0,0,,0,33,19,265,13.95,1,0,0,1,,,33,51.5,54.5,42.0,,109,,JennJa00
268,Dawson Knox,BUF,TE,27,12,11,0,0,0,0,0,0,0,,0,36,22,186,8.45,2,0,0,2,1,,33,54.6,57.6,43.6,,43,,KnoxDa00
269,Kendre Miller,NOR,RB,21,8,0,0,0,0,0,0,41,156,3.80,1,11,10,117,11.70,0,0,0,1,,,33,43.3,49.3,38.3,,71,,MillKe01
270,Skyy Moore,KAN,WR,23,14,8,0,0,0,0,0,3,23,7.67,0,38,21,244,11.62,1,0,0,1,,,33,53.7,56.7,43.2,,108,,MoorSk01
271,JuJu Smith-Schuster,NWE,WR,27,11,7,0,0,0,0,0,0,0,,0,47,29,260,8.97,1,0,0,1,,,32,61.0,64.0,46.5,,110,,SmitJu00
272,Braxton Berrios,MIA,WR,28,16,1,0,0,0,0,0,1,11,11.00,0,33,27,238,8.81,1,1,0,1,,,31,57.9,60.9,44.4,,112,,BerrBr00
273,Josh Oliver,MIN,TE,26,17,14,0,0,0,0,0,0,0,,0,28,22,213,9.68,2,1,1,2,,,31,53.3,57.3,42.3,,44,,OlivJo00
274,Mike Williams,LAC,WR,29,3,3,0,0,0,0,0,1,3,3.00,0,26,19,249,13.11,1,0,0,1,,,31,50.2,53.2,40.7,,111,,WillMi07
275,Matt Breida,NYG,RB,28,17,4,0,0,0,0,0,55,151,2.75,1,21,17,88,5.18,0,1,0,1,,,30,46.9,49.9,38.4,,72,,BreiMa00
276,Bo Melton,GNB,WR,24,5,1,0,0,0,0,0,3,21,7.00,0,24,16,218,13.63,1,0,0,1,,,30,45.9,48.9,37.9,,113,,MeltBo00
277,Alex Erickson,LAC,WR,31,8,3,0,0,0,0,0,0,0,,0,29,16,232,14.50,1,0,0,1,,,29,45.2,48.2,37.2,,114,,EricAl01
278,Drew Lock,SEA,QB,27,4,2,48,76,543,3,3,5,14,2.80,0,0,0,0,,0,0,0,0,,,29,29.1,35.1,32.1,,48,,LockDr00
279,Andrew Beck,HOU,FB,27,15,12,0,0,0,0,0,5,3,0.60,1,13,11,55,5.00,2,1,1,4,,,28,38.8,39.8,33.3,,74,,BeckAn01
280,Jimmy Graham,NOR,TE,37,13,2,0,0,0,0,0,0,0,,0,7,6,39,6.50,4,0,0,4,,,28,33.9,33.9,30.9,,46,,GrahJi00
281,Scott Miller,ATL,WR,26,17,0,0,0,0,0,0,0,0,,0,16,11,161,14.64,2,0,0,2,,,28,39.1,42.1,33.6,,116,,MillSc01
282,Cordarrelle Patterson,ATL,RB,32,14,0,0,0,0,0,0,50,181,3.62,0,12,9,38,4.22,1,1,0,1,,,28,36.9,39.9,32.4,,73,,PattCo00
283,Allen Robinson,PIT,WR,30,17,17,0,0,0,0,0,0,0,,0,49,34,280,8.24,0,0,0,0,,,28,62.0,65.0,45.0,,117,,RobiAl02
284,Drew Sample,CIN,TE,27,17,10,0,0,0,0,0,0,0,,0,27,22,163,7.41,2,0,0,2,,,28,50.3,53.3,39.3,,45,,SampDr00
285,Olamide Zaccheaus,PHI,WR,26,17,1,0,0,0,0,0,0,0,,0,20,10,164,16.40,2,0,0,2,,,28,38.4,41.4,33.4,,115,,ZaccOl01
286,Salvon Ahmed,MIA,RB,25,8,0,0,0,0,0,0,22,61,2.77,1,23,16,88,5.50,1,0,0,2,,,27,42.9,42.9,34.9,,76,,AhmeSa01
287,Andrew Ogletree,IND,TE,25,12,9,0,0,0,0,0,0,0,,0,21,9,147,16.33,2,0,0,2,,,27,35.7,38.7,31.2,,47,,OgleAn00
288,Trevor Siemian,NYJ,QB,32,5,3,86,153,724,2,4,11,40,3.64,0,0,0,0,,0,5,3,0,,,27,27.0,37.0,31.0,,49,,SiemTr00
289,Jarrett Stidham,DEN,QB,27,3,2,40,66,496,2,1,9,8,0.89,0,0,0,0,,0,1,0,0,,,27,26.6,30.6,27.6,,50,,StidJa00
290,Jeff Wilson,MIA,RB,28,10,0,0,0,0,0,0,41,188,4.59,0,17,14,85,6.07,0,0,0,0,,,27,41.3,44.3,34.3,,75,,WilsJe01
291,Jamal Agnew,JAX,WR,28,11,1,0,0,0,0,0,4,-2,-0.50,0,21,14,225,16.07,1,1,1,1,,,26,40.3,44.3,33.3,,118,,AgneJa00
292,Daniel Bellinger,NYG,TE,23,17,13,0,0,0,0,0,0,0,,0,28,25,255,10.20,0,0,0,0,,,26,50.5,53.5,38.0,,48,,BellDa00
293,Chase Edmonds,TAM,RB,27,13,0,0,0,0,0,0,49,176,3.59,0,17,14,81,5.79,0,0,0,0,,,26,39.7,42.7,32.7,,77,,EdmoCh00
294,Tyler Huntley,BAL,QB,25,5,1,21,37,203,3,0,15,55,3.67,0,0,0,0,,0,0,0,0,,,26,25.6,25.6,25.6,,52,,HuntTy01
295,Kadarius Toney,KAN,WR,24,13,2,0,1,0,0,0,11,31,2.82,0,38,27,169,6.26,1,1,0,1,,,26,53.0,56.0,39.5,,119,,ToneKa00
296,Carson Wentz,LAR,QB,31,2,1,17,24,163,2,1,17,56,3.29,1,0,0,0,,0,0,0,1,,1,26,26.1,27.1,27.1,,51,,WentCa00
297,Ronnie Bell,SFO,WR,23,17,0,0,0,0,0,0,0,0,,0,13,6,68,11.33,3,1,0,3,,,25,30.8,30.8,27.8,,123,,BellRo01
298,Pharaoh Brown,NWE,TE,29,17,11,0,0,0,0,0,0,0,,0,15,13,208,16.00,1,1,1,1,,,25,37.8,41.8,31.3,,51,,BrowPh01
299,Harrison Bryant,CLE,TE,25,17,9,0,0,0,0,0,5,8,1.60,0,20,13,81,6.23,3,1,1,3,,,25,37.9,38.9,31.4,,50,,BryaHa00
300,Dalvin Cook,2TM,RB,28,15,1,0,0,0,0,0,67,214,3.19,0,20,15,78,5.20,0,2,2,0,,,25,40.2,45.2,32.7,,79,,CookDa01
301,Zach Ertz,ARI,TE,33,7,7,0,0,0,0,0,0,0,,0,43,27,187,6.93,1,0,0,1,,,25,51.7,54.7,38.2,,52,,ErtzZa00
302,Deonte Harty,BUF,WR,26,16,1,0,0,0,0,0,4,0,0.00,0,21,15,150,10.00,1,2,1,2,,,25,40.0,44.0,32.5,,122,,HarrDe07
303,Mack Hollins,ATL,WR,30,13,3,0,0,0,0,0,0,0,,0,30,18,251,13.94,0,0,0,0,,,25,43.1,46.1,34.1,,121,,HollMa00
304,D'Ernest Johnson,JAX,RB,27,17,0,0,0,0,0,0,41,108,2.63,0,12,10,140,14.00,0,0,0,0,,,25,34.8,40.8,29.8,,81,,JohnDE04
305,Ty Johnson,BUF,RB,26,10,0,0,0,0,0,0,30,132,4.40,0,7,7,62,8.86,1,1,0,1,,,25,32.4,35.4,28.9,,78,,JohnTy02
306,Julio Jones,PHI,WR,34,11,4,0,0,0,0,0,0,0,,0,19,11,74,6.73,3,0,0,3,,,25,36.4,36.4,30.9,,120,,JoneJu02
307,Tony Jones,2TM,RB,26,7,1,0,0,0,0,0,26,95,3.65,2,10,7,37,5.29,0,0,0,2,,,25,32.2,32.2,28.7,,80,,JoneTo04
308,Kyle Juszczyk*+,SFO,FB,32,17,16,0,0,0,0,0,5,6,1.20,0,17,14,119,8.50,2,0,0,2,,,25,38.5,41.5,31.5,,83,,JuszKy00
309,Foster Moreau,NOR,TE,26,15,10,0,0,0,0,0,0,0,,0,25,21,193,9.19,1,0,0,1,,,25,46.3,49.3,35.8,,49,,MoreFo00
310,Craig Reynolds,DET,RB,27,17,0,0,0,0,0,0,41,179,4.37,1,5,5,47,9.40,0,2,2,1,,,25,29.6,34.6,27.1,,82,,ReynCr00
311,Ihmir Smith-Marsette,CAR,WR,24,17,0,0,0,0,0,0,8,74,9.25,1,10,8,51,6.38,0,2,0,2,,,25,32.5,32.5,28.5,,124,,SmitIh00
312,Treylon Burks,TEN,WR,23,11,9,0,0,0,0,0,5,18,3.60,0,30,16,221,13.81,0,0,0,0,,,24,39.9,42.9,31.9,,125,,BurkTr00
313,Andy Dalton,CAR,QB,36,3,1,34,58,361,2,0,3,12,4.00,0,0,0,0,,0,0,0,0,,,24,23.6,26.6,23.6,,53,,DaltAn00
314,Hayden Hurst,CAR,TE,30,9,8,0,0,0,0,0,0,0,,0,32,18,184,10.22,1,0,0,1,,,24,42.4,45.4,33.4,,53,,HursHa00
315,Hunter Renfrow,LVR,WR,28,17,3,0,0,0,0,0,0,0,,0,37,25,255,10.20,0,1,1,0,,,24,48.5,52.5,36.0,,126,,RenfHu00
316,Jacoby Brissett,WAS,QB,31,3,0,18,23,224,3,0,3,19,6.33,0,0,0,0,,0,0,0,0,,,23,22.9,22.9,22.9,,55,,BrisJa00
317,Dyami Brown,WAS,WR,24,17,1,1,1,4,0,0,1,0,0.00,0,23,12,168,14.00,1,0,0,1,,,23,35.0,38.0,29.0,,130,,BrowDy00
318,Sam Darnold,SFO,QB,26,10,1,28,46,297,2,1,21,15,0.71,1,0,0,0,,0,3,1,1,,,23,23.4,25.4,24.4,,54,,DarnSa00
319,Will Dissly,SEA,TE,27,16,14,0,0,0,0,0,0,0,,0,22,17,172,10.12,1,0,0,1,,,23,40.2,43.2,31.7,,55,,DissWi00
320,Darrynton Evans,2TM,RB,25,7,0,0,0,0,0,0,32,121,3.78,1,12,7,49,7.00,0,0,0,1,,,23,30.0,33.0,26.5,,84,,EvanDa02
321,KhaDarel Hodge,ATL,WR,28,17,4,0,0,0,0,0,1,0,0.00,0,23,14,232,16.57,0,1,0,0,,,23,37.2,40.2,30.2,,127,,HodgKh00
322,Austin Hooper,LVR,TE,29,17,9,0,0,0,0,0,0,0,,0,31,25,234,9.36,0,0,0,0,,,23,48.4,51.4,35.9,,54,,HoopAu00
323,Johnny Mundt,MIN,TE,29,17,0,0,0,0,0,0,0,0,,0,23,17,172,10.12,1,0,0,1,,,23,40.2,43.2,31.7,,56,,MundJo00
324,Cedric Tillman,CLE,WR,23,14,3,0,0,0,0,0,1,8,8.00,0,44,21,224,10.67,0,0,0,0,,,23,44.2,47.2,33.7,,128,,TillCe01
325,Parker Washington,JAX,WR,21,9,1,0,0,0,0,0,0,0,,0,21,16,132,8.25,2,2,1,2,,,23,39.2,43.2,31.2,,129,,WashPa01
326,Ameer Abdullah,LVR,RB,30,17,0,0,0,0,0,0,15,89,5.93,0,24,19,131,6.89,0,0,0,0,,,22,41.0,44.0,31.5,,85,,AbduAm00
327,Tank Bigsby,JAX,RB,22,17,0,0,0,0,0,0,50,132,2.64,2,4,1,6,6.00,0,2,2,2,,,22,22.8,27.8,22.3,,86,,BigsTa00
328,Elijah Higgins,ARI,TE,23,11,2,0,0,0,0,0,0,0,,0,19,14,163,11.64,1,0,0,1,,,22,36.3,39.3,29.3,,57,,HiggEl00
329,Jalen Reagor,NWE,WR,24,11,1,0,0,0,0,0,1,17,17.00,0,23,7,138,19.71,0,0,0,1,,,22,28.5,31.5,25.0,,131,,ReagJa00
330,Stone Smartt,LAC,TE,25,16,3,0,0,0,0,0,0,0,,0,21,11,155,14.09,1,0,0,1,,,22,32.5,35.5,27.0,,58,,SmarSt00
331,Dorian Thompson-Robinson,CLE,QB,24,8,3,60,112,440,1,4,14,65,4.64,0,0,0,0,,0,2,0,0,1,,22,22.1,29.1,26.1,,56,,ThomDo02
332,C.J. Beathard,JAX,QB,30,7,1,40,53,349,1,0,8,35,4.38,0,0,0,0,,0,1,0,0,,,21,21.5,24.5,21.5,,57,,BeatC.00
333,Derius Davis,LAC,WR,23,17,2,0,0,0,0,0,14,101,7.21,0,17,15,66,4.40,0,3,1,1,,,21,35.7,39.7,28.2,,133,,DaviDe02
334,Van Jefferson,2TM,WR,27,17,9,0,0,0,0,0,1,4,4.00,0,43,20,209,10.45,0,0,0,0,,,21,41.3,44.3,31.3,,132,,JeffVa00
335,Will Mallory,IND,TE,24,12,2,0,0,0,0,0,0,0,,0,26,18,207,11.50,0,1,0,0,,,21,38.7,41.7,29.7,,59,,MallWi00
336,Jamison Crowder,WAS,WR,30,17,0,0,0,0,0,0,0,0,,0,20,16,159,9.94,1,2,1,1,,,20,35.9,39.9,27.9,,135,,CrowJa00
337,P.J. Walker,CLE,QB,28,6,2,54,111,674,1,5,13,30,2.31,0,0,0,0,,0,4,2,0,,,20,20.0,30.0,25.0,,58,,WalkPh00
338,Quez Watkins,PHI,WR,25,9,5,0,0,0,0,0,0,0,,0,21,15,142,9.47,1,0,0,1,,,20,35.2,38.2,27.7,,134,,WatkQu00
339,Robbie Chosen,MIA,WR,30,9,0,0,0,0,0,0,0,0,,0,6,4,126,31.50,1,0,0,1,,,19,22.6,25.6,20.6,,137,,AndeRo04
340,Nick Chubb,CLE,RB,28,2,2,0,0,0,0,0,28,170,6.07,0,4,4,21,5.25,0,0,0,0,,,19,23.1,26.1,21.1,,87,,ChubNi00
341,Malik Heath,GNB,WR,23,13,1,0,0,0,0,0,0,0,,0,24,15,125,8.33,1,0,0,1,,,19,33.5,36.5,26.0,,138,,HeatMa00
342,Luke Schoonmaker,DAL,TE,25,17,0,0,0,0,0,0,0,0,,0,15,8,65,8.13,2,0,0,2,,,19,26.5,26.5,22.5,,60,,SchoLu00
343,Tyler Scott,CHI,WR,22,17,4,0,0,0,0,0,7,41,5.86,0,32,17,168,9.88,0,1,1,0,,,19,35.9,39.9,27.4,,136,,ScotTy00
344,Patrick Taylor,GNB,RB,25,11,0,0,0,0,0,0,32,141,4.41,0,17,11,49,4.45,0,0,0,0,,,19,30.0,33.0,24.5,,88,,TaylPa01
345,River Cracraft,MIA,WR,29,10,1,0,0,0,0,0,0,0,,0,12,9,121,13.44,1,0,0,1,,,18,27.1,30.1,22.6,,139,,CracRi00
346,Kevin Harris,NWE,RB,23,4,0,0,0,0,0,0,16,65,4.06,1,3,3,58,19.33,0,0,0,1,,,18,21.3,21.3,19.8,,89,,HarrKe01
347,Davis Mills,HOU,QB,25,6,0,18,39,173,2,0,2,9,4.50,0,0,0,0,,0,0,0,0,,1,18,17.8,17.8,17.8,,59,,MillDa02
348,Deven Thompkins,TAM,WR,24,17,1,0,0,0,0,0,8,56,7.00,0,25,17,83,4.88,1,3,1,1,,,18,34.9,35.9,26.4,,140,,ThomDe07
349,Melvin Gordon,BAL,RB,30,4,0,0,0,0,0,0,26,81,3.12,1,3,3,46,15.33,0,1,1,1,,,17,19.7,20.7,18.2,,92,,GordMe00
350,Damien Harris,BUF,RB,26,6,0,0,0,0,0,0,23,94,4.09,1,2,2,16,8.00,0,0,0,1,,,17,19.0,19.0,18.0,,91,,HarrDa06
351,Connor Heyward,PIT,TE,24,17,7,0,1,0,0,0,1,0,0.00,0,34,23,167,7.26,0,0,0,0,,,17,39.7,42.7,28.2,,62,,HeywCo00
352,Ray-Ray McCloud,SFO,WR,27,12,1,0,0,0,0,0,3,30,10.00,0,15,12,135,11.25,0,1,0,0,,,17,28.5,31.5,22.5,,141,,McClRa00
353,MyCole Pruitt,ATL,TE,31,17,8,0,0,0,0,0,0,0,,0,12,9,110,12.22,1,1,0,1,,,17,26.0,29.0,21.5,,61,,PruiMy00
354,Trey Sermon,IND,RB,24,14,0,0,0,0,0,0,35,160,4.57,0,6,3,13,4.33,0,0,0,0,,,17,20.3,23.3,18.8,,90,,SermTr00
355,Davis Allen,LAR,TE,22,15,1,0,0,0,0,0,0,0,,0,11,10,95,9.50,1,0,0,1,,,16,25.5,25.5,20.5,,63,,AlleDa02
356,Luke Farrell,JAX,TE,26,17,8,0,0,0,0,0,0,0,,0,15,13,155,11.92,0,0,0,0,,,16,28.5,31.5,22.0,,64,,FarrLu00
357,Lucas Krull,DEN,TE,25,7,2,0,0,0,0,0,0,0,,0,14,8,95,11.88,1,0,0,1,,,16,23.5,23.5,19.5,,65,,KrulLu00
358,John Metchie,HOU,WR,23,16,0,0,0,0,0,0,1,4,4.00,0,30,16,158,9.88,0,0,0,0,,,16,32.2,35.2,24.2,,142,,MetcJo00
359,Donovan Peoples-Jones,2TM,WR,24,15,6,0,0,0,0,0,0,0,,0,25,13,155,11.92,0,1,0,0,,,16,28.5,31.5,22.0,,144,,PeopDo00
360,Kyle Philips,TEN,WR,24,9,0,0,0,0,0,0,0,0,,0,22,15,181,12.07,0,1,1,0,,,16,31.1,35.1,23.6,,143,,PhilKy01
361,Irv Smith Jr.,CIN,TE,25,12,6,0,0,0,0,0,0,0,,0,26,18,115,6.39,1,1,1,1,,,16,33.5,37.5,24.5,,66,,SmitIr01
362,John Bates,WAS,TE,26,17,4,0,0,0,0,0,0,0,,0,28,19,151,7.95,0,0,0,0,,,15,34.1,37.1,24.6,,68,,BateJo00
363,Jalen Guyton,LAC,WR,26,8,3,0,0,0,0,0,0,0,,0,21,10,89,8.90,1,0,0,1,,,15,24.9,24.9,19.9,,146,,GuytJa01
364,Charlie Kolar,BAL,TE,24,15,3,0,0,0,0,0,0,0,,0,9,7,87,12.43,1,0,0,1,,,15,21.7,21.7,18.2,,71,,KolaCh00
365,David Moore,TAM,WR,28,7,0,0,0,0,0,0,0,0,,0,7,5,94,18.80,1,0,0,1,,,15,20.4,20.4,17.9,,145,,MoorDa03
366,Ronnie Rivers,LAR,RB,24,9,1,0,0,0,0,0,32,129,4.03,0,5,5,22,4.40,0,0,0,0,,,15,20.1,23.1,17.6,,93,,RiveRo01
367,Jeremy Ruckert,NYJ,TE,23,15,6,0,0,0,0,0,0,0,,0,22,16,151,9.44,0,0,0,0,,,15,31.1,34.1,23.1,,69,,RuckJe00
368,Trent Sherfield,BUF,WR,27,17,1,0,0,0,0,0,0,0,,0,22,11,86,7.82,1,0,0,1,,,15,25.6,25.6,20.1,,147,,SherTr00
369,Josh Whyle,TEN,TE,24,11,3,0,0,0,0,0,0,0,,0,15,9,94,10.44,1,0,0,1,,,15,24.4,24.4,19.9,,67,,WhylJo01
370,Brock Wright,DET,TE,25,14,4,0,0,0,0,0,0,0,,0,14,13,91,7.00,1,0,0,1,,,15,28.1,28.1,21.6,,70,,WrigBr01
371,Chase Claypool,2TM,WR,25,12,2,0,0,0,0,0,0,0,,0,21,8,77,9.63,1,0,0,1,,,14,21.7,21.7,17.7,,152,,ClayCh01
372,Jeff Driskel,CLE,QB,30,1,1,13,26,166,2,2,7,33,4.71,0,0,0,0,,0,0,0,0,,,14,13.9,15.9,15.9,,60,,DrisJe00
373,Xavier Hutchinson,HOU,WR,23,16,0,0,0,0,0,0,5,49,9.80,0,19,8,90,11.25,0,0,0,0,,,14,21.9,21.9,17.9,,150,,HutcXa00
374,Charlie Jones,CIN,WR,25,11,0,0,0,0,0,0,2,13,6.50,0,9,7,64,9.14,0,0,0,1,,,14,20.7,20.7,17.2,,153,,JoneCh11
375,Terrace Marshall Jr.,CAR,WR,23,9,4,0,0,0,0,0,0,0,,0,33,19,139,7.32,0,1,0,0,,,14,32.9,35.9,23.4,,151,,MarsTe00
376,Byron Pringle,WAS,WR,30,17,1,0,0,0,0,0,0,0,,0,22,14,161,11.50,0,1,1,0,,,14,28.1,32.1,21.1,,149,,PrinBy00
377,Ben Skowronek,LAR,WR,26,17,0,0,0,0,0,0,2,9,4.50,0,12,8,66,8.25,1,0,0,1,,,14,21.5,21.5,17.5,,154,,SkowBe00
378,Tyquan Thornton,NWE,WR,23,9,3,0,0,0,0,0,3,51,17.00,0,23,13,91,7.00,0,0,0,0,,,14,27.2,27.2,20.7,,148,,ThorTy00
379,Jordan Akins,CLE,TE,31,17,4,0,0,0,0,0,0,0,,0,23,15,132,8.80,0,0,0,0,,,13,28.2,31.2,20.7,,72,,AkinJo00
380,Isaiah Spiller,LAC,RB,22,9,0,0,0,0,0,0,37,96,2.59,0,6,6,34,5.67,0,0,0,0,,,13,19.0,19.0,16.0,,94,,SpilIs00
381,Stephen Sullivan,CAR,TE,27,11,0,0,0,0,0,0,0,0,,0,24,12,125,10.42,0,0,0,0,,,13,24.5,27.5,18.5,,73,,SullSt00
382,Lynn Bowden Jr.,NOR,WR,26,15,3,0,0,0,0,0,5,32,6.40,0,16,11,83,7.55,0,1,0,0,,,12,22.5,22.5,17.0,,158,,BowdLy00
383,Jason Brownlee,NYJ,WR,24,7,5,0,0,0,0,0,0,0,,0,8,5,56,11.20,1,0,0,1,,,12,16.6,16.6,14.1,,156,,BrowJa07
384,Randall Cobb,NYJ,WR,33,11,1,0,0,0,0,0,0,0,,0,17,5,39,7.80,1,0,0,1,1,,12,16.9,16.9,14.4,,155,,CobbRa00
385,Tyler Goodson,IND,RB,23,6,1,0,0,0,0,0,13,87,6.69,0,9,6,34,5.67,0,0,0,0,,,12,18.1,18.1,15.1,,95,,GoodTy00
386,Alec Ingold*,MIA,FB,27,17,13,0,0,0,0,0,2,0,0.00,0,16,13,119,9.15,0,0,0,0,,,12,24.9,27.9,18.4,,96,,IngoAl01
387,Marcus Mariota,PHI,QB,30,3,0,15,23,164,1,1,8,52,6.50,0,0,0,0,,0,1,1,0,,,12,11.8,13.8,12.8,,62,,MariMa01
388,D.J. Montgomery,IND,WR,27,7,0,0,0,0,0,0,0,0,,0,8,3,56,18.67,1,0,0,1,,,12,14.6,14.6,13.1,,157,,MontDJ01
389,Boston Scott,PHI,RB,28,15,0,0,0,0,0,0,20,86,4.30,0,6,4,52,13.00,0,1,1,0,,,12,15.8,16.8,13.8,,97,,ScotBo02
390,Laviska Shenault Jr.,CAR,WR,25,8,0,0,0,0,0,0,12,55,4.58,0,10,10,60,6.00,0,1,0,0,,,12,21.5,21.5,16.5,,159,,ShenLa00
391,Cole Turner,WAS,TE,23,12,1,0,0,0,0,0,0,0,,0,15,11,120,10.91,0,0,0,0,,,12,23.0,26.0,17.5,,74,,TurnCo00
392,C.J. Uzomah,NYJ,TE,30,12,8,0,0,0,0,0,0,0,,0,12,8,58,7.25,1,0,0,1,,,12,19.8,19.8,15.8,,75,,UzomC.00
393,Jameis Winston,NOR,QB,29,7,0,25,47,264,2,3,5,-6,-1.20,0,0,0,0,,0,0,0,0,,,12,12.0,15.0,15.0,,61,,WinsJa00
394,Raheem Blackshear,CAR,RB,24,12,0,0,0,0,0,0,14,46,3.29,0,7,6,45,7.50,0,0,0,0,1,,11,17.1,17.1,14.1,,99,,BlacRa00
395,Brandon Bolden,LVR,RB,33,17,0,0,0,0,0,0,4,31,7.75,1,0,0,0,,0,0,0,1,1,,11,11.1,11.1,11.1,,100,,BoldBr00
396,Tim Boyle,NYJ,QB,29,3,2,48,77,360,1,4,4,5,1.25,0,0,0,0,,0,2,0,0,,,11,10.9,17.9,14.9,,63,,BoylTi00
397,Chris Brooks,MIA,RB,23,9,0,0,0,0,0,0,19,106,5.58,0,0,0,0,,0,0,0,0,,,11,10.6,13.6,10.6,,103,,BrooCh00
398,Mecole Hardman,2TM,WR,25,11,2,0,0,0,0,0,1,3,3.00,0,24,15,124,8.27,0,1,1,0,,,11,25.7,29.7,18.2,,160,,HardMe00
399,La'Mical Perine,KAN,RB,25,3,1,0,0,0,0,0,22,77,3.50,0,5,3,33,11.00,0,0,0,0,,,11,14.0,14.0,12.5,,101,,PeriLa00
400,Patrick Ricard,BAL,FB,29,17,9,0,0,0,0,0,0,0,,0,7,5,52,10.40,1,0,0,1,,,11,16.2,16.2,13.7,,98,,RicaPa00
401,Robert Tonyan,CHI,TE,29,17,6,0,0,0,0,0,0,0,,0,17,11,112,10.18,0,0,0,0,,,11,22.2,25.2,16.7,,76,,TonyRo00
402,Emanuel Wilson,GNB,RB,24,7,0,0,0,0,0,0,14,85,6.07,0,5,4,23,5.75,0,1,0,0,,,11,14.8,14.8,12.8,,102,,WilsEm00
403,Lawrence Cager,NYG,TE,26,11,0,0,0,0,0,0,0,0,,0,5,4,36,9.00,1,0,0,1,,,10,13.6,13.6,11.6,,77,,CageLa01
404,Parris Campbell,NYG,WR,26,12,3,0,0,0,0,0,0,0,,0,27,20,104,5.20,0,0,0,0,,,10,30.4,33.4,20.4,,161,,CampPa00
405,J.K. Dobbins,BAL,RB,25,1,1,0,0,0,0,0,8,22,2.75,1,3,2,15,7.50,0,0,0,1,,,10,11.7,11.7,10.7,,105,,DobbJK00
406,Marquise Goodwin,CLE,WR,33,12,0,0,0,0,0,0,4,33,8.25,0,13,4,67,16.75,0,0,0,0,,,10,14.0,14.0,12.0,,163,,GoodMa00
407,Keaontay Ingram,ARI,RB,24,8,1,0,0,0,0,0,35,74,2.11,0,4,4,26,6.50,0,0,0,0,,,10,14.0,14.0,12.0,,104,,IngrKe01
408,Case Keenum,HOU,QB,35,2,2,34,53,291,1,3,2,1,0.50,0,0,0,0,,0,1,0,0,,,10,9.7,12.7,12.7,,64,,KeenCa00
409,Keith Kirkwood,NOR,WR,29,13,4,0,0,0,0,0,0,0,,0,9,5,37,7.40,1,0,0,1,,,10,14.7,14.7,12.2,,164,,KirkKe00
410,Hunter Luepke,DAL,RB,23,17,0,0,0,0,0,0,6,19,3.17,1,4,3,18,6.00,0,0,0,1,,,10,12.7,12.7,11.2,,106,,LuepHu00
411,Sterling Shepard,NYG,WR,30,15,2,0,0,0,0,0,1,6,6.00,0,22,10,57,5.70,1,1,1,1,,,10,20.3,21.3,15.3,,162,,ShepSt00
412,Brenton Strange,JAX,TE,23,14,4,0,0,0,0,0,0,0,,0,9,5,35,7.00,1,0,0,1,,,10,14.5,14.5,12.0,,78,,StraBr00
413,Israel Abanikanda,NYJ,RB,21,6,0,0,0,0,0,0,22,70,3.18,0,11,7,43,6.14,0,1,1,0,,,9,16.3,17.3,12.8,,107,,AbanIs00
414,Nick Bawden,NYJ,FB,27,16,2,0,0,0,0,0,2,4,2.00,1,3,3,21,7.00,0,0,0,1,,,9,11.5,11.5,10.0,,108,,BawdNi00
415,Richie James,KAN,WR,28,9,1,0,0,0,0,0,0,0,,0,14,10,114,11.40,0,2,1,0,,,9,19.4,23.4,14.4,,165,,JameRi00
416,Marcedes Lewis,CHI,TE,39,17,4,0,0,0,0,0,0,0,,0,5,4,29,7.25,1,0,0,1,,,9,12.9,12.9,10.9,,80,,LewiMa00
417,Quintin Morris,BUF,TE,24,15,0,0,0,0,0,0,0,0,,0,3,2,26,13.00,1,0,0,1,,,9,10.6,10.6,9.6,,81,,MorrQu00
418,Geoff Swaim,ARI,TE,30,14,8,0,0,0,0,0,0,0,,0,11,10,94,9.40,0,0,0,0,,,9,19.4,19.4,14.4,,79,,SwaiGe00
419,Brycen Hopkins,LAR,TE,26,15,0,0,0,0,0,0,0,0,,0,7,5,78,15.60,0,0,0,0,,,8,12.8,12.8,10.3,,83,,HopkBr01
420,Tim Jones,JAX,WR,25,17,2,0,0,0,0,0,0,0,,0,18,11,83,7.55,0,0,0,0,,,8,19.3,19.3,13.8,,166,,JoneTi00
421,Dare Ogunbowale,HOU,RB,29,12,0,0,0,0,0,0,8,35,4.38,0,7,2,18,9.00,0,0,0,0,,,8,10.3,10.3,9.3,,109,,OgunDa00
422,Ben Sims,GNB,TE,23,17,1,0,0,0,0,0,0,0,,0,6,4,21,5.25,1,0,0,1,,,8,12.1,12.1,10.1,,82,,SimsBe00
423,Samori Toure,GNB,WR,25,11,0,0,0,0,0,0,0,0,,0,18,8,78,9.75,0,1,1,0,1,,8,15.8,16.8,11.8,,167,,TourSa00
424,Deuce Vaughn,DAL,RB,22,7,0,0,0,0,0,0,23,40,1.74,0,7,7,40,5.71,0,0,0,0,,,8,15.0,15.0,11.5,,110,,VaugDe00
425,Trayveon Williams,CIN,RB,26,17,0,0,0,0,0,0,15,69,4.60,0,9,7,10,1.43,0,0,0,0,,,8,14.9,14.9,11.4,,111,,WillTr06
426,Blake Bell,KAN,TE,32,17,3,0,0,0,0,0,0,0,,0,9,5,26,5.20,1,1,1,1,,,7,11.6,12.6,9.1,,84,,BellBl00
427,Gary Brightwell,NYG,RB,24,7,0,0,0,0,0,0,9,19,2.11,0,7,5,47,9.40,0,0,0,0,,,7,11.6,11.6,9.1,,113,,BrigGa00
428,Chris Conley,SFO,WR,31,8,0,0,0,0,0,0,0,0,,0,6,3,69,23.00,0,0,0,0,,,7,9.9,9.9,8.4,,170,,ConlCh00
429,Josiah Deguara,GNB,TE,26,15,4,0,0,0,0,0,0,0,,0,8,8,65,8.13,0,0,0,0,,,7,14.5,14.5,10.5,,85,,DeguJo00
430,Simi Fehoko,LAC,WR,26,6,0,0,0,0,0,0,0,0,,0,2,1,9,9.00,1,0,0,1,,,7,7.9,7.9,7.4,,171,,FehoSi00
431,Eric Gray,NYG,RB,24,13,0,0,0,0,0,0,17,48,2.82,0,7,6,22,3.67,0,3,0,0,,,7,13.0,13.0,10.0,,112,,GrayEr01
432,Tyler Johnson,LAR,WR,25,1,0,0,0,0,0,0,0,0,,0,3,2,8,4.00,1,0,0,1,,,7,8.8,8.8,7.8,,172,,JohnTy00
433,Velus Jones Jr.,CHI,WR,26,14,0,0,0,0,0,0,8,51,6.38,0,7,4,20,5.00,0,0,0,0,,,7,11.1,11.1,9.1,,168,,JoneVe00
434,Clayton Tune,ARI,QB,24,7,1,12,21,62,0,2,8,30,3.75,1,0,0,0,,0,2,1,1,1,,7,7.5,10.5,9.5,,65,,TuneCl00
435,Tylan Wallace,BAL,WR,24,11,0,0,0,0,0,0,0,0,,0,2,1,11,11.00,0,0,0,1,,,7,8.1,8.1,7.6,,169,,WallTy00
436,Jalen Brooks,DAL,WR,23,7,0,0,0,0,0,0,0,0,,0,6,6,64,10.67,0,0,0,0,,,6,12.4,12.4,9.4,,173,,BrooJa03
437,DeAndre Carter,LVR,WR,30,17,1,0,0,0,0,0,3,18,6.00,0,7,4,39,9.75,0,2,0,0,,,6,9.7,9.7,7.7,,176,,CartDe02
438,Payne Durham,TAM,TE,23,13,2,0,0,0,0,0,0,0,,0,7,5,58,11.60,0,0,0,0,,,6,10.8,10.8,8.3,,88,,DurhPa00
439,Blaine Gabbert,KAN,QB,34,2,1,18,35,185,0,3,7,45,6.43,0,0,0,0,,0,0,0,0,,,6,5.9,8.9,8.9,,66,,GabbBl00
440,Rakim Jarrett,TAM,WR,22,10,0,0,0,0,0,0,1,0,0.00,0,9,4,60,15.00,0,0,0,0,,,6,10.0,10.0,8.0,,175,,JarrRa00
441,Ko Kieft,TAM,TE,25,16,6,0,0,0,0,0,0,0,,0,5,1,2,2.00,1,0,0,1,,,6,7.2,7.2,6.7,,86,,KiefKo00
442,Isaiah McKenzie,IND,WR,28,13,2,0,0,0,0,0,3,14,4.67,0,14,11,82,7.45,0,3,2,0,,,6,16.6,18.6,11.1,,177,,McKeIs00
443,Equanimeous St. Brown,CHI,WR,27,7,2,0,0,0,0,0,0,0,,0,6,5,62,12.40,0,0,0,0,,,6,11.2,11.2,8.7,,174,,St.BEq00
444,Ian Thomas,CAR,TE,27,12,5,0,0,0,0,0,0,0,,0,9,5,56,11.20,0,0,0,0,,,6,10.6,10.6,8.1,,89,,ThomIa00
445,Darnell Washington,PIT,TE,22,17,7,0,0,0,0,0,0,0,,0,10,7,61,8.71,0,0,0,0,,,6,13.1,13.1,9.6,,87,,WashDa03
446,Mitchell Wilcox,CIN,TE,27,17,4,0,0,0,0,0,0,0,,0,12,9,56,6.22,0,0,0,0,,,6,14.6,14.6,10.1,,90,,WilcMi01
447,Damien Williams,ARI,RB,31,3,0,0,0,0,0,0,11,43,3.91,0,2,2,12,6.00,0,0,0,0,,,6,7.5,7.5,6.5,,114,,WillDa05
448,Brian Hoyer,LVR,QB,38,3,1,23,42,231,0,2,3,-3,-1.00,0,0,0,0,,0,0,0,0,,,5,4.9,6.9,6.9,,67,,HoyeBr00
449,Ty Montgomery,NWE,WR,30,13,0,0,0,0,0,0,3,9,3.00,0,12,5,40,8.00,0,0,0,0,,,5,9.9,9.9,7.4,,179,,MontTy01
450,Justyn Ross,KAN,WR,24,10,1,0,0,0,0,0,0,0,,0,11,6,53,8.83,0,0,0,0,,,5,11.3,11.3,8.3,,178,,RossJu00
451,Brett Rypien,LAR,QB,27,2,1,18,38,172,0,1,3,19,6.33,0,0,0,0,,0,2,1,0,,,5,4.8,6.8,5.8,,68,,RypiBr00
452,Mike Strachan,CAR,WR,26,4,1,0,0,0,0,0,0,0,,0,3,1,45,45.00,0,0,0,0,,,5,5.5,5.5,5.0,,180,,StraMi03
453,Michael Burton,DEN,FB,31,17,3,0,0,0,0,0,7,9,1.29,0,3,3,8,2.67,0,0,0,0,1,,4,6.7,6.7,5.2,,118,,BurtMi00
454,Grant Calcaterra,PHI,TE,25,15,1,0,0,0,0,0,0,0,,0,4,4,39,9.75,0,0,0,0,,,4,7.9,7.9,5.9,,91,,CalcGr00
455,Elijah Cooks,JAX,WR,25,9,0,0,0,0,0,0,0,0,,0,4,3,38,12.67,0,0,0,0,,,4,6.8,6.8,5.3,,182,,CookEl00
456,Britain Covey,PHI,WR,26,16,0,0,0,0,0,0,0,0,,0,6,4,42,10.50,0,2,0,0,,,4,8.2,8.2,6.2,,181,,CoveBr00
457,Leonard Fournette,BUF,RB,28,2,0,0,0,0,0,0,12,40,3.33,0,0,0,0,,0,0,0,0,,,4,4.0,4.0,4.0,,116,,FourLe00
458,Peyton Hendershot,DAL,TE,24,8,1,0,0,0,0,0,1,0,0.00,0,7,4,38,9.50,0,0,0,0,,,4,7.8,7.8,5.8,,92,,HendPe01
459,Rashaad Penny,PHI,RB,27,3,0,0,0,0,0,0,11,33,3.00,0,1,1,5,5.00,0,0,0,0,,,4,4.8,4.8,4.3,,117,,PennRa00
460,Jack Stoll,PHI,TE,25,17,10,0,0,0,0,0,0,0,,0,8,5,38,7.60,0,0,0,0,,,4,8.8,8.8,6.3,,93,,StolJa00
461,Ke'Shawn Vaughn,TAM,RB,26,6,0,0,0,0,0,0,24,42,1.75,0,5,2,2,1.00,0,0,0,0,,,4,6.4,6.4,5.4,,115,,VaugKe00
462,Khari Blasingame,CHI,FB,27,16,2,0,0,0,0,0,8,26,3.25,0,6,3,2,0.67,0,0,0,0,,,3,5.8,5.8,4.3,,122,,BlasKh00
463,Keelan Doss,LAC,WR,27,5,0,0,0,0,0,0,0,0,,0,13,6,33,5.50,0,0,0,0,,,3,9.3,9.3,6.3,,183,,DossKe00
464,Greg Dulcich,DEN,TE,23,2,1,0,0,0,0,0,0,0,,0,4,3,25,8.33,0,0,0,0,,,3,5.5,5.5,4.0,,99,,DulcGr00
465,Devin Duvernay,BAL,WR,26,13,1,0,0,0,0,0,4,15,3.75,0,9,4,18,4.50,0,0,0,0,,,3,7.3,7.3,5.3,,184,,DuveDe00
466,Derrick Gore,WAS,RB,29,6,0,0,0,0,0,0,3,26,8.67,0,0,0,0,,0,0,0,0,,,3,2.6,2.6,2.6,,123,,GoreDe00
467,C.J. Ham*,MIN,FB,30,17,5,0,0,0,0,0,1,7,7.00,0,9,7,25,3.57,0,0,0,0,,,3,10.2,10.2,6.7,,120,,HamxC.00
468,Julian Hill,MIA,TE,23,15,4,0,0,0,0,0,0,0,,0,9,6,48,8.00,0,1,1,0,,,3,8.8,9.8,5.8,,96,,HillJu02
469,Trishton Jackson,MIN,WR,25,7,0,0,0,0,0,0,0,0,,0,4,2,9,4.50,0,0,0,0,1,,3,4.9,4.9,3.9,,185,,JackTr02
470,James Mitchell,DET,TE,24,15,1,0,0,0,0,0,0,0,,0,2,2,28,14.00,0,0,0,0,,,3,4.8,4.8,3.8,,97,,MitcJa00
471,Jalen Nailor,MIN,WR,24,6,1,0,0,0,0,0,0,0,,0,6,3,29,9.67,0,0,0,0,,,3,5.9,5.9,4.4,,186,,NailJa00
472,Teagan Quitoriano,HOU,TE,23,7,5,0,0,0,0,0,0,0,,0,3,2,33,16.50,0,0,0,0,,,3,5.3,5.3,4.3,,94,,QuitTe00
473,Cooper Rush,DAL,QB,30,7,0,18,24,144,0,1,12,-5,-0.42,0,0,0,0,,0,0,0,0,,,3,3.3,4.3,4.3,,69,,RushCo00
474,Steven Sims,HOU,WR,26,3,0,0,0,0,0,0,1,1,1.00,0,3,3,25,8.33,0,0,0,0,,,3,5.6,5.6,4.1,,187,,SimsSt00
475,Keith Smith,ATL,FB,31,13,6,0,0,0,0,0,0,0,,0,3,3,33,11.00,0,0,0,0,,,3,6.3,6.3,4.8,,119,,SmitKe03
476,Sean Tucker,TAM,RB,22,11,0,0,0,0,0,0,15,23,1.53,0,2,2,9,4.50,0,0,0,0,,,3,5.2,5.2,4.2,,121,,TuckSe00
477,Malik Willis,TEN,QB,24,3,0,4,5,74,0,0,5,21,4.20,0,0,0,0,,0,1,1,0,,,3,3.1,4.1,3.1,,70,,WillMa12
478,Charlie Woerner,SFO,TE,26,17,2,0,0,0,0,0,0,0,,0,3,3,32,10.67,0,0,0,0,,,3,6.2,6.2,4.7,,95,,WoerCh00
479,Kenny Yeboah,NYJ,TE,25,5,1,0,0,0,0,0,0,0,,0,4,2,28,14.00,0,0,0,0,,,3,4.8,4.8,3.8,,98,,YeboKe00
480,Nate Adkins,DEN,TE,24,10,1,0,0,0,0,0,0,0,,0,5,4,22,5.50,0,0,0,0,,,2,6.2,6.2,4.2,,100,,AdkiNa00
481,Kayshon Boutte,NWE,WR,21,5,0,0,0,0,0,0,0,0,,0,7,2,19,9.50,0,0,0,0,,,2,3.9,3.9,2.9,,190,,BoutKa00
482,Miles Boykin,PIT,WR,27,17,0,0,0,0,0,0,0,0,,0,4,3,17,5.67,0,0,0,0,,,2,4.7,4.7,3.2,,192,,BoykMi00
483,DeeJay Dallas,SEA,RB,25,17,0,0,0,0,0,0,10,36,3.60,0,9,6,26,4.33,0,2,2,0,,,2,8.2,10.2,5.2,,124,,DallDe00
484,Tyrion Davis-Price,SFO,RB,23,1,0,0,0,0,0,0,6,21,3.50,0,0,0,0,,0,0,0,0,,,2,2.1,2.1,2.1,,126,,DaviTy03
485,Elijah Dotson,LAC,RB,24,4,0,0,0,0,0,0,4,6,1.50,0,2,2,13,6.50,0,0,0,0,,,2,3.9,3.9,2.9,,128,,DotsEl00
486,Zach Evans,LAR,RB,22,10,0,0,0,0,0,0,9,19,2.11,0,0,0,0,,0,0,0,0,,,2,1.9,1.9,1.9,,129,,EvanZa00
487,Erik Ezukanma,MIA,WR,23,2,0,0,0,0,0,0,5,22,4.40,0,1,0,0,,0,0,0,0,,,2,2.2,2.2,2.2,,188,,EzukEr00
488,Jake Funk,IND,RB,25,4,0,0,0,0,0,0,2,10,5.00,0,1,1,12,12.00,0,0,0,0,,,2,3.2,3.2,2.7,,125,,FunkJa00
489,Jaren Hall,MIN,QB,25,3,2,13,20,168,0,1,6,14,2.33,0,0,0,0,,0,2,2,0,,,2,2.1,5.1,3.1,,71,,HallJa00
490,Marvin Jones,DET,WR,33,6,4,0,0,0,0,0,0,0,,0,10,5,35,7.00,0,1,1,0,,,2,6.5,7.5,4.0,,194,,JoneMa02
491,Zonovan Knight,DET,RB,22,2,0,0,0,0,0,0,3,13,4.33,0,1,1,8,8.00,0,0,0,0,,,2,3.1,3.1,2.6,,127,,KnigZo00
492,Chris Manhertz,DEN,TE,31,16,4,0,0,0,0,0,0,0,,0,4,2,16,8.00,0,0,0,0,,,2,3.6,3.6,2.6,,103,,ManhCh00
493,Nick Muse,MIN,TE,25,2,0,0,0,0,0,0,0,0,,0,1,1,22,22.00,0,0,0,0,,,2,3.2,3.2,2.7,,101,,MuseNi00
494,Gunner Olszewski,2TM,WR,27,12,0,0,0,0,0,0,0,0,,0,1,1,0,0.00,0,4,2,1,,,2,3.0,5.0,2.5,,189,,OlszGu00
495,Zach Pascal,ARI,WR,29,14,1,0,0,0,0,0,0,0,,0,15,4,19,4.75,0,0,0,0,,,2,5.9,5.9,3.9,,191,,PascZa00
496,Laquon Treadwell,BAL,WR,28,5,1,0,0,0,0,0,0,0,,0,3,1,16,16.00,0,0,0,0,,,2,2.6,2.6,2.1,,193,,TreaLa00
497,Trevon Wesco,TEN,TE,28,15,10,0,0,0,0,0,0,0,,0,3,1,21,21.00,0,0,0,0,,,2,3.1,3.1,2.6,,102,,WescTr00
498,Mike White,MIA,QB,28,6,0,5,6,74,1,1,8,-9,-1.13,0,0,0,0,,0,1,1,0,,,2,2.1,4.1,3.1,,72,,WhitMi01
499,Alex Armah,WAS,RB,29,8,0,0,0,0,0,0,0,0,,0,3,3,13,4.33,0,0,0,0,,,1,4.3,4.3,2.8,,130,,ArmaAl00
500,Sean Clifford,GNB,QB,25,2,0,1,1,37,0,0,3,-2,-0.67,0,0,0,0,,0,1,0,0,,,1,1.3,1.3,1.3,,73,,ClifSe00
501,Jashaun Corbin,NYG,RB,23,6,0,0,0,0,0,0,1,1,1.00,0,3,3,12,4.00,0,0,0,0,,,1,4.3,4.3,2.8,,131,,CorbJa01
502,Kenyan Drake,2TM,RB,29,3,0,0,0,0,0,0,2,0,0.00,0,3,2,31,15.50,0,1,1,0,,,1,3.1,4.1,2.1,,135,,DrakKe00
503,Ross Dwelley,SFO,TE,28,12,0,0,0,0,0,0,0,0,,0,2,1,12,12.00,0,0,0,0,,,1,2.2,2.2,1.7,,104,,DwelRo00
504,D'Wayne Eskridge,SEA,WR,26,4,0,0,0,0,0,0,2,5,2.50,0,1,0,0,,0,0,0,0,,,1,0.5,0.5,0.5,,201,,EskrDW00
505,Chris Evans,CIN,RB,26,8,0,0,0,0,0,0,2,12,6.00,0,1,1,-1,-1.00,0,0,0,0,,,1,2.1,2.1,1.6,,136,,EvanCh02
506,Tucker Fisk,ATL,TE,24,6,2,0,0,0,0,0,0,0,,0,1,1,9,9.00,0,0,0,0,,,1,1.9,1.9,1.4,,107,,FiskTu00
507,John FitzPatrick,ATL,TE,23,9,0,0,0,0,0,0,0,0,,0,1,1,12,12.00,0,0,0,0,,,1,2.2,2.2,1.7,,105,,FitzJo00
508,Cole Fotheringham,LVR,TE,26,2,0,0,0,0,0,0,0,0,,0,1,1,6,6.00,0,0,0,0,,,1,1.6,1.6,1.1,,108,,FothCo00
509,Evan Hull,IND,RB,23,1,0,0,0,0,0,0,1,1,1.00,0,1,1,6,6.00,0,0,0,0,,,1,1.7,1.7,1.2,,139,,HullEv00
510,Collin Johnson,CHI,WR,26,3,0,0,0,0,0,0,0,0,,0,1,1,11,11.00,0,0,0,0,,,1,2.1,2.1,1.6,,197,,JohnCo01
511,Jakob Johnson,LVR,FB,29,13,5,0,0,0,0,0,0,0,,0,2,1,12,12.00,0,0,0,0,,,1,2.2,2.2,1.7,,134,,JohnJa12
512,Mason Kinsey,TEN,WR,25,6,0,0,0,0,0,0,0,0,,0,1,1,6,6.00,0,0,0,0,,,1,1.6,1.6,1.1,,200,,KinsMa00
513,A.J. McCarron,CIN,QB,33,2,0,4,5,19,0,0,0,0,,0,0,0,0,,0,0,0,0,,,1,0.8,0.8,0.8,,74,,McCaA.00
514,Anthony McFarland Jr.,PIT,RB,25,3,0,0,0,0,0,0,0,0,,0,2,2,11,5.50,0,0,0,0,,,1,3.1,3.1,2.1,,137,,McFaAn00
515,Kene Nwangwu,MIN,RB,25,9,0,0,0,0,0,0,5,13,2.60,0,0,0,0,,0,0,0,0,,,1,1.3,1.3,1.3,,132,,NwanKe00
516,Devine Ozigbo,DET,RB,27,3,0,0,0,0,0,0,3,5,1.67,0,1,1,8,8.00,0,0,0,0,,,1,2.3,2.3,1.8,,133,,OzigDe01
517,Kevin Rader,TEN,TE,28,14,0,0,0,0,0,0,0,0,,0,3,1,6,6.00,0,0,0,0,,,1,1.6,1.6,1.1,,109,,RadeKe00
518,Eric Saubert,2TM,TE,29,10,1,0,0,0,0,0,0,0,,0,3,3,12,4.00,0,0,0,0,,,1,4.2,4.2,2.7,,106,,SaubEr00
519,Willie Snead,SFO,WR,31,4,0,0,0,0,0,0,0,0,,0,3,2,14,7.00,0,0,0,0,,,1,3.4,3.4,2.4,,195,,SneaWi00
520,Malik Taylor,NYJ,WR,28,3,0,0,0,0,0,0,0,0,,0,4,2,13,6.50,0,0,0,0,,,1,3.3,3.3,2.3,,196,,TaylMa01
521,Cody Thompson,SEA,WR,27,7,0,0,0,0,0,0,0,0,,0,1,1,10,10.00,0,0,0,0,,,1,2.0,2.0,1.5,,198,,ThomCo04
522,Austin Trammell,LAR,WR,25,16,0,0,0,0,0,0,0,0,,0,7,4,29,7.25,0,3,1,0,,,1,4.9,5.9,2.9,,199,,TramAu00
523,Jonathan Ward,TEN,RB,26,7,0,0,0,0,0,0,3,11,3.67,0,0,0,0,,0,0,0,0,,,1,1.1,1.1,1.1,,138,,WardJo00
524,Devon Allen,PHI,WR,29,2,0,0,0,0,0,0,0,0,,0,0,0,0,,0,0,0,0,,,,,,,,205,,AlleDe02
525,Stephen Anderson,LAC,TE,30,3,0,0,0,0,0,0,0,0,,0,0,0,0,,0,0,0,0,,,,,,,,112,,AndeSt01
526,Andre Baccellia,ARI,WR,26,5,0,0,0,0,0,0,0,0,,0,0,0,0,,0,0,0,0,,,,,,,,206,,BaccAn00
527,Michael Bandy,DEN,WR,26,1,0,0,0,0,0,0,0,0,,0,0,0,0,,0,0,0,0,,,,,,,,207,,BandMi00
528,Matt Barkley,JAX,QB,33,1,0,0,0,0,0,0,3,-3,-1.00,0,0,0,0,,0,0,0,0,,,,-0.3,-0.3,-0.3,,80,,BarkMa00
529,Nick Bellore*,SEA,FB,34,16,0,0,0,0,0,0,0,0,,0,0,0,0,,0,0,0,0,,,,,,,,143,,BellNi01
530,Chris Blair,ATL,WR,26,1,0,0,0,0,0,0,0,0,,0,0,0,0,,0,0,0,0,,,,,,,,208,,BlaiCh00
531,Teddy Bridgewater,DET,QB,31,1,0,0,0,0,0,0,2,-2,-1.00,0,0,0,0,,0,0,0,0,,,,-0.2,-0.2,-0.2,,79,,BridTe00
532,Matt Bushman,KAN,TE,28,1,0,0,0,0,0,0,0,0,,0,0,0,0,,0,0,0,0,,,,,,,,113,,BushMa00
533,Terrell Bynum,LAC,WR,25,1,0,0,0,0,0,0,0,0,,0,0,0,0,,0,0,0,0,,,,,,,,209,,BynuTe00
534,Damiere Byrd,ATL,WR,30,1,0,0,0,0,0,0,0,0,,0,2,0,0,,0,0,0,0,,,,,,,,210,,ByrdDa00
535,Jason Cabinda,DET,FB,27,4,0,0,0,0,0,0,1,0,0.00,0,0,0,0,,0,0,0,0,,,,,,,,144,,CabiJa00
536,Marquez Callaway,NOR,WR,25,3,0,0,0,0,0,0,0,0,,0,0,0,0,,0,0,0,0,,,,,,,,211,,CallMa01
537,Stephen Carlson,CHI,TE,27,1,0,0,0,0,0,0,0,0,,0,0,0,0,,0,0,0,0,,,,,,,,114,,CarlSt00
538,Irvin Charles,NYJ,WR,26,12,0,0,0,0,0,0,0,0,,0,1,0,0,,0,0,0,0,,,,,,,,212,,CharIr00
539,Julius Chestnut,TEN,RB,23,3,0,0,0,0,0,0,0,0,,0,0,0,0,,0,0,0,0,,,,,,,,145,,ChesJu00
540,Dan Chisena,2TM,WR,26,4,0,0,0,0,0,0,0,0,,0,0,0,0,,0,0,0,0,,,,,,,,213,,ChisDa00
541,Corey Clement,ARI,RB,29,3,0,0,0,0,0,0,0,0,,0,0,0,0,,0,0,0,0,,,,,,,,146,,ClemCo00
542,Tanner Conner,MIA,TE,25,3,0,0,0,0,0,0,0,0,,0,0,0,0,,0,0,0,0,,,,,,,,115,,ConnTa00
543,Malik Cunningham,2TM,QB,25,2,0,0,0,0,0,0,0,0,,0,0,0,0,,0,0,0,0,,,,,,,,76,,CunnMa00
544,Darrell Daniels,DET,TE,29,3,0,0,0,0,0,0,0,0,,0,0,0,0,,0,0,0,0,,,,,,,,116,,DaniDa02
545,Frank Darby,ATL,WR,26,1,0,0,0,0,0,0,0,0,,0,0,0,0,,0,0,0,0,,,,,,,,214,,DarbFr00
546,Jaelon Darden,CLE,WR,24,1,0,0,0,0,0,0,0,0,,0,0,0,0,,0,0,0,0,,,,,,,,215,,DardJa00
547,Malik Davis,DAL,RB,25,3,0,0,0,0,0,0,0,0,,0,0,0,0,,0,0,0,0,,,,,,,,147,,DaviMa02
548,Phillip Dorsett,DEN,WR,30,2,1,0,0,0,0,0,0,0,,0,3,0,0,,0,0,0,0,,,,,,,,216,,DorsPh00
549,Colton Dowell,TEN,WR,24,10,1,0,0,0,0,0,0,0,,0,2,1,3,3.00,0,0,0,0,,,,1.3,1.3,0.8,,202,,DoweCo00
550,Dylan Drummond,DET,WR,23,1,0,0,0,0,0,0,0,0,,0,0,0,0,,0,0,0,0,,,,,,,,217,,DrumDy00
551,Sam Ehlinger,IND,QB,25,1,0,0,0,0,0,0,0,0,,0,0,0,0,,0,0,0,0,,,,,,,,75,,EhliSa00
552,Princeton Fant,DAL,TE,24,2,0,0,0,0,0,0,0,0,,0,0,0,0,,0,0,0,0,,,,,,,,117,,FantPr00
553,Ethan Fernea,IND,WR,25,3,0,0,0,0,0,0,0,0,,0,0,0,0,,0,0,0,0,,,,,,,,218,,FernEt00
554,Anthony Firkser,DET,TE,28,2,0,0,0,0,0,0,0,0,,0,0,0,0,,0,0,0,0,,,,,,,,118,,FirkAn00
555,Dez Fitzpatrick,PIT,WR,26,1,0,0,0,0,0,0,0,0,,0,0,0,0,,0,0,0,0,,,,,,,,219,,FitzDe00
556,Myles Gaskin,2TM,RB,26,3,0,0,0,0,0,0,0,0,,0,0,0,0,,0,0,0,0,,,,,,,,148,,GaskMy00
557,Zach Gentry,LVR,TE,27,1,0,0,0,0,0,0,0,0,,0,0,0,0,,0,0,0,0,,,,,,,,119,,GentZa00
558,Reggie Gilliam,BUF,FB,26,17,0,0,0,0,0,0,0,0,,0,1,1,3,3.00,0,0,0,0,,,,1.3,1.3,0.8,,141,,GillRe00
559,Antoine Green,DET,WR,24,9,0,0,0,0,0,0,0,0,,0,2,1,2,2.00,0,0,0,0,,,,1.2,1.2,0.7,,203,,GreeAn00
560,Jacob Harris,JAX,WR,26,2,0,0,0,0,0,0,0,0,,0,0,0,0,,0,0,0,0,,,,,,,,220,,HarrJa03
561,N'Keal Harry,MIN,WR,26,9,0,0,0,0,0,0,0,0,,0,0,0,0,,0,0,0,0,,,,,,,,221,,HarrNK00
562,Jamycal Hasty,2TM,RB,27,5,0,0,0,0,0,0,0,0,,0,2,0,0,,0,0,0,0,,,,,,,,149,,HastJa02
563,Parker Hesse,ATL,TE,28,3,0,0,0,0,0,0,0,0,,0,0,0,0,,0,0,0,0,,,,,,,,120,,HessPa00
564,J.P. Holtz,NOR,TE,30,1,0,0,0,0,0,0,0,0,,0,0,0,0,,0,0,0,0,,,,,,,,121,,HoltJ.01
565,Travis Homer,CHI,RB,25,16,0,0,0,0,0,0,0,0,,0,1,0,0,,0,0,0,0,,,,,,,,150,,HomeTr00
566,Jesper Horsted,LVR,TE,26,13,0,0,0,0,0,0,0,0,,0,1,1,4,4.00,0,0,0,0,,,,1.4,1.4,0.9,,110,,HorsJe00
567,Mohamed Ibrahim,DET,RB,25,1,0,0,0,0,0,0,0,0,,0,0,0,0,,0,0,0,0,,,,,,,,151,,IbraMo00
568,Godwin Igwebuike,2TM,RB,29,12,0,0,0,0,0,0,0,0,,0,0,0,0,,0,0,0,0,,,,,,,,152,,IgweGo00
569,Andy Isabella,BUF,WR,27,2,0,0,0,0,0,0,0,0,,0,0,0,0,,0,0,0,0,,,,,,,,222,,IsabAn00
570,Kearis Jackson,TEN,WR,24,2,0,0,0,0,0,0,0,0,,0,0,0,0,,0,0,0,0,,,,,,,,223,,JackKe02
571,Lucky Jackson,MIN,WR,32,3,0,0,0,0,0,0,0,0,,0,0,0,0,,0,0,0,0,,,,,,,,224,,JackLu00
572,Shedrick Jackson,CIN,WR,24,5,0,0,0,0,0,0,0,0,,0,1,0,0,,0,0,0,0,,,,,,,,225,,JackSh01
573,Tyree Jackson,NYG,TE,26,2,1,0,0,0,0,0,0,0,,0,0,0,0,,0,0,0,0,,,,,,,,122,,JackTy01
574,Johnny Johnson,HOU,WR,24,1,0,0,0,0,0,0,0,0,,0,0,0,0,,0,0,0,0,,,,,,,,226,,JohnJo12
575,Hunter Kampmoyer,LAC,TE,25,1,0,0,0,0,0,0,0,0,,0,0,0,0,,0,0,0,0,,,,,,,,123,,KampHu00
576,Dalton Keene,HOU,TE,24,1,0,0,0,0,0,0,0,0,,0,0,0,0,,0,0,0,0,,,,,,,,124,,KeenDa00
577,Tyler Kroft,MIA,TE,31,8,0,0,0,0,0,0,0,0,,0,0,0,0,,0,0,0,0,,,,,,,,125,,KrofTy00
578,Zack Kuntz,NYJ,TE,24,1,0,0,0,0,0,0,0,0,,0,0,0,0,,0,0,0,0,,,,,,,,126,,KuntZa00
579,Kwamie Lassiter II,CIN,WR,25,1,0,0,0,0,0,0,0,0,,0,1,1,2,2.00,0,0,0,0,,,,1.2,1.2,0.7,,204,,LassKw00
580,Hunter Long,LAR,TE,25,4,1,0,0,0,0,0,0,0,,0,0,0,0,,0,0,0,0,,,,,,,,127,,LongHu00
581,Tay Martin,SFO,WR,26,1,0,0,0,0,0,0,0,0,,0,0,0,0,,0,0,0,0,,,,,,,,227,,MartTa00
582,Ben Mason,BAL,FB,24,1,0,0,0,0,0,0,0,0,,0,0,0,0,,0,0,0,0,,,,,,,,153,,MasoBe00
583,Jordan Matthews,CAR,TE,31,1,0,0,0,0,0,0,0,0,,0,0,0,0,,0,0,0,0,,,,,,,,128,,MattJo00
584,Kenny McIntosh,SEA,RB,23,3,0,0,0,0,0,0,0,0,,0,0,0,0,,0,0,0,0,,,,,,,,154,,McInKe00
585,Sean McKeon,DAL,TE,26,9,0,0,0,0,0,0,0,0,,0,2,0,0,,0,0,0,0,,,,,,,,129,,McKeSe01
586,Tre' McKitty,LAC,TE,24,6,0,0,0,0,0,0,0,0,,0,0,0,0,,0,0,0,0,,,,,,,,130,,McKiTr00
587,Jeremy McNichols,SFO,RB,28,3,0,0,0,0,0,0,0,0,,0,0,0,0,,0,0,0,0,,,,,,,,155,,McNiJe00
588,Kirk Merritt,NOR,WR,26,1,0,0,0,0,0,0,0,0,,0,0,0,0,,0,0,0,0,,,,,,,,228,,MerrKi00
589,Ryan Miller,TAM,WR,23,1,0,0,0,0,0,0,0,0,,0,0,0,0,,0,0,0,0,,,,,,,,229,,MillRy01
590,Jordan Mims,NOR,RB,24,2,0,0,0,0,0,0,0,0,,0,2,0,0,,0,0,0,0,,,,,,,,156,,MimsJo00
591,Stanley Morgan Jr.,CIN,WR,27,3,0,0,0,0,0,0,0,0,,0,0,0,0,,0,0,0,0,,,,,,,,230,,MorgSt02
592,Albert Okwuegbunam,PHI,TE,25,4,0,0,0,0,0,0,0,0,,0,1,0,0,,0,0,0,0,,,,,,,,131,,OkwuAl00
593,Qadree Ollison,PIT,RB,27,2,0,0,0,0,0,0,0,0,,0,0,0,0,,0,0,0,0,,,,,,,,157,,OlliQa00
594,Henry Pearson,GNB,FB,24,2,0,0,0,0,0,0,0,0,,0,0,0,0,,0,0,0,0,,,,,,,,158,,PearHe00
595,Josh Pederson,JAX,TE,26,3,0,0,0,0,0,0,0,0,,0,0,0,0,,0,0,0,0,,,,,,,,132,,PedeJo00
596,Nathan Peterman,CHI,QB,29,2,0,0,0,0,0,0,2,-4,-2.00,0,0,0,0,,0,1,0,0,,,,-0.4,-0.4,-0.4,,82,,PeteNa00
597,Adam Prentice,NOR,FB,26,13,1,0,0,0,0,0,2,12,6.00,0,3,2,12,6.00,0,1,1,0,,,,2.4,3.4,1.4,,140,,PrenAd00
598,Deneric Prince,KAN,RB,23,2,0,0,0,0,0,0,0,0,,0,0,0,0,,0,0,0,0,,,,,,,,159,,PrinDe00
599,Giovanni Ricci,CAR,FB,27,5,0,0,0,0,0,0,0,0,,0,1,1,2,2.00,0,0,0,0,,,,1.2,1.2,0.7,,142,,RiccGi00
600,James Robinson,GNB,RB,25,1,0,0,0,0,0,0,1,2,2.00,0,1,1,-2,-2.00,0,0,0,0,,,,1.0,1.0,0.5,,160,,RobiJa00
601,Aaron Rodgers,NYJ,QB,40,1,1,0,1,0,0,0,0,0,,0,0,0,0,,0,0,0,0,,,,,,,,77,,RodgAa00
602,Amari Rodgers,IND,WR,24,3,0,0,0,0,0,0,0,0,,0,2,0,0,,0,0,0,0,,,,,,,,231,,RodgAm00
603,Brady Russell,SEA,TE,25,15,0,0,0,0,0,0,0,0,,0,0,0,0,,0,0,0,0,,,,,,,,133,,RussBr00
604,David Sills,DEN,WR,27,3,1,0,0,0,0,0,0,0,,0,0,0,0,,0,0,0,0,,,,,,,,232,,SillDa01
605,Matthew Slater,NWE,WR,38,16,0,0,0,0,0,0,0,0,,0,0,0,0,,0,0,0,0,,,,,,,,233,,SlatMa00
606,Tre'Quan Smith,DEN,WR,27,1,0,0,0,0,0,0,0,0,,0,0,0,0,,0,0,0,0,,,,,,,,234,,SmitTr03
607,Matt Sokol,NWE,TE,28,3,1,0,0,0,0,0,0,0,,0,0,0,0,,0,0,0,0,,,,,,,,134,,SokoMa00
608,SaRodorick Thompson,SEA,RB,24,1,0,0,0,0,0,0,0,0,,0,0,0,0,,0,0,0,0,,,,,,,,161,,ThomSa00
609,Mitchell Tinsley,WAS,WR,24,2,0,0,0,0,0,0,0,0,,0,0,0,0,,0,0,0,0,,,,,,,,235,,TinsMi00
610,Noah Togiai,PHI,TE,26,1,0,0,0,0,0,0,0,0,,0,0,0,0,,0,0,0,0,,,,,,,,135,,TogiNo00
611,Kyle Trask,TAM,QB,25,2,0,0,1,0,0,0,1,-1,-1.00,0,0,0,0,,0,0,0,0,,,,-0.1,-0.1,-0.1,,78,,TrasKy00
612,DJ Turner,LVR,WR,26,10,0,0,0,0,0,0,0,0,,0,0,0,0,,0,0,0,0,,,,,,,,236,,TurnDJ00
613,Xazavian Valladay,NYJ,RB,25,1,0,0,0,0,0,0,0,0,,0,0,0,0,,0,0,0,0,,,,,,,,162,,VallXa00
614,Nick Vannett,LAC,TE,30,8,5,0,0,0,0,0,0,0,,0,1,1,3,3.00,0,0,0,0,,,,1.3,1.3,0.8,,111,,VannNi00
615,Travis Vokolek,ARI,TE,25,2,0,0,0,0,0,0,0,0,,0,0,0,0,,0,0,0,0,,,,,,,,136,,VokoTr00
616,Dwayne Washington,DEN,RB,29,13,0,0,0,0,0,0,0,0,,0,0,0,0,,0,0,0,0,,,,,,,,163,,WashDw00
617,Montrell Washington,KAN,WR,24,6,0,0,0,0,0,0,0,0,,0,0,0,0,,0,2,0,0,,,,,,,,237,,WashMo00
618,Blake Whiteheart,ARI,TE,23,2,0,0,0,0,0,0,0,0,,0,0,0,0,,0,0,0,0,,,,,,,,137,,WhitBl01
619,Kristian Wilkerson,LVR,WR,26,2,1,0,0,0,0,0,0,0,,0,0,0,0,,0,0,0,0,,,,,,,,238,,WilkKr00
620,Brayden Willis,SFO,TE,24,7,0,0,0,0,0,0,0,0,,0,0,0,0,,0,0,0,0,,,,,,,,138,,WillBr06
621,Jonathan Williams,WAS,RB,29,1,0,0,0,0,0,0,1,-2,-2.00,0,1,0,0,,0,0,0,0,,,,-0.2,-0.2,-0.2,,165,,WillJo07
622,Rodney Williams,PIT,TE,25,13,0,0,0,0,0,0,0,0,,0,2,0,0,,0,0,0,0,,,,,,,,139,,WillRo08
623,Juwann Winfree,IND,WR,27,8,1,0,0,0,0,0,0,0,,0,1,0,0,,0,0,0,0,,,,,,,,239,,WinfJu00
624,Easop Winston,SEA,WR,27,1,0,0,0,0,0,0,0,0,,0,0,0,0,,0,0,0,0,,,,,,,,240,,WinsEa00
625,Logan Woodside,ATL,QB,28,1,0,3,4,27,0,1,1,6,6.00,0,0,0,0,,0,0,0,0,,,,-0.3,0.7,0.7,,81,,WoodLo00
626,Owen Wright,BAL,RB,24,1,0,0,0,0,0,0,0,0,,0,0,0,0,,0,0,0,0,,,,,,,,164,,WrigOw00
627,Dareke Young,SEA,WR,24,6,0,0,0,0,0,0,0,0,,0,0,0,0,,0,0,0,0,,,,,,,,241,,YounDa02
628,Kyle Allen,BUF,QB,27,7,0,0,0,0,0,0,13,-13,-1.00,0,0,0,0,,0,0,0,0,,,-1,-1.3,-1.3,-1.3,,83,,AlleKy00
629,Deon Jackson,3TM,RB,24,4,1,0,0,0,0,0,14,16,1.14,0,6,5,14,2.80,0,2,2,0,,,-1,4.0,6.0,1.5,,166,,JackDe02
630,David Wells,TAM,TE,28,5,0,0,0,0,0,0,0,0,,0,2,2,-10,-5.00,0,1,0,0,,,-1,1.0,1.0,,,140,,WellDa00
631,James Proche,CLE,WR,27,10,1,0,0,0,0,0,0,0,,0,5,0,0,,0,1,1,0,,,-2,-2.0,-1.0,-2.0,,242,,ProcJa00
632,Trent Taylor,CHI,WR,29,17,0,0,0,0,0,0,1,-2,-2.00,0,2,0,0,,0,2,1,0,,,-2,-2.2,-1.2,-2.2,,243,,TaylTr02